[2026-07-31 21:45:28] local.INFO: Push subscription request received {"admin_session":false,"teacher_session":true,"endpoint":true,"public_key":true,"auth_token":true} 
[2026-07-31 21:45:28] local.INFO: Push subscription saved successfully {"model":"Teacher","id":6} 
[2026-07-31 21:45:42] local.INFO: Push subscription request received {"admin_session":false,"teacher_session":true,"endpoint":true,"public_key":true,"auth_token":true} 
[2026-07-31 21:45:42] local.INFO: Push subscription saved successfully {"model":"Teacher","id":6} 
[2026-07-31 21:45:56] local.INFO: Push subscription request received {"admin_session":false,"teacher_session":true,"endpoint":true,"public_key":true,"auth_token":true} 
[2026-07-31 21:45:56] local.INFO: Push subscription saved successfully {"model":"Teacher","id":6} 
[2026-07-31 21:47:25] local.INFO: Push subscription request received {"admin_session":false,"teacher_session":true,"endpoint":true,"public_key":true,"auth_token":true} 
[2026-07-31 21:47:25] local.INFO: Push subscription saved successfully {"model":"Teacher","id":6} 
[2026-07-31 21:47:47] local.INFO: Push subscription request received {"admin_session":false,"teacher_session":true,"endpoint":true,"public_key":true,"auth_token":true} 
[2026-07-31 21:47:47] local.INFO: Push subscription saved successfully {"model":"Teacher","id":6} 
[2026-07-31 21:50:40] local.INFO: Push subscription request received {"admin_session":false,"teacher_session":true,"endpoint":true,"public_key":true,"auth_token":true} 
[2026-07-31 21:50:40] local.INFO: Push subscription saved successfully {"model":"Teacher","id":6} 
[2026-07-31 21:51:12] local.INFO: Push subscription request received {"admin_session":false,"teacher_session":true,"endpoint":true,"public_key":true,"auth_token":true} 
[2026-07-31 21:51:12] local.INFO: Push subscription saved successfully {"model":"Teacher","id":6} 
[2026-07-31 21:51:33] local.INFO: Push subscription request received {"admin_session":false,"teacher_session":true,"endpoint":true,"public_key":true,"auth_token":true} 
[2026-07-31 21:51:33] local.INFO: Push subscription saved successfully {"model":"Teacher","id":6} 
[2026-07-31 21:52:05] local.INFO: Push subscription request received {"admin_session":false,"teacher_session":true,"endpoint":true,"public_key":true,"auth_token":true} 
[2026-07-31 21:52:05] local.INFO: Push subscription saved successfully {"model":"Teacher","id":6} 
[2026-07-31 21:52:18] local.INFO: Push subscription request received {"admin_session":false,"teacher_session":true,"endpoint":true,"public_key":true,"auth_token":true} 
[2026-07-31 21:52:18] local.INFO: Push subscription saved successfully {"model":"Teacher","id":6} 
[2026-07-31 21:53:03] local.INFO: Push subscription request received {"admin_session":false,"teacher_session":true,"endpoint":true,"public_key":true,"auth_token":true} 
[2026-07-31 21:53:03] local.INFO: Push subscription saved successfully {"model":"Teacher","id":6} 
[2026-07-31 21:54:35] local.INFO: Push subscription request received {"admin_session":false,"teacher_session":true,"endpoint":true,"public_key":true,"auth_token":true} 
[2026-07-31 21:54:35] local.INFO: Push subscription saved successfully {"model":"Teacher","id":6} 
[2026-07-31 21:55:01] local.INFO: Push subscription request received {"admin_session":false,"teacher_session":true,"endpoint":true,"public_key":true,"auth_token":true} 
[2026-07-31 21:55:01] local.INFO: Push subscription saved successfully {"model":"Teacher","id":6} 
[2026-07-31 21:55:14] local.INFO: Push subscription request received {"admin_session":false,"teacher_session":true,"endpoint":true,"public_key":true,"auth_token":true} 
[2026-07-31 21:55:14] local.INFO: Push subscription saved successfully {"model":"Teacher","id":6} 
[2026-07-31 21:55:29] local.INFO: Push subscription request received {"admin_session":false,"teacher_session":true,"endpoint":true,"public_key":true,"auth_token":true} 
[2026-07-31 21:55:29] local.INFO: Push subscription saved successfully {"model":"Teacher","id":6} 
[2026-07-31 21:55:47] local.INFO: Push subscription request received {"admin_session":false,"teacher_session":true,"endpoint":true,"public_key":true,"auth_token":true} 
[2026-07-31 21:55:47] local.INFO: Push subscription saved successfully {"model":"Teacher","id":6} 
[2026-07-31 21:57:44] local.INFO: Push subscription request received {"admin_session":false,"teacher_session":true,"endpoint":true,"public_key":true,"auth_token":true} 
[2026-07-31 21:57:44] local.INFO: Push subscription saved successfully {"model":"Teacher","id":6} 
[2026-07-31 21:59:33] local.INFO: Push subscription request received {"admin_session":false,"teacher_session":true,"endpoint":true,"public_key":true,"auth_token":true} 
[2026-07-31 21:59:33] local.INFO: Push subscription saved successfully {"model":"Teacher","id":6} 
[2026-07-31 21:59:44] local.INFO: Push subscription request received {"admin_session":false,"teacher_session":true,"endpoint":true,"public_key":true,"auth_token":true} 
[2026-07-31 21:59:44] local.INFO: Push subscription saved successfully {"model":"Teacher","id":6} 
[2026-07-31 22:00:00] local.INFO: Push subscription request received {"admin_session":false,"teacher_session":true,"endpoint":true,"public_key":true,"auth_token":true} 
[2026-07-31 22:00:00] local.INFO: Push subscription saved successfully {"model":"Teacher","id":6} 
[2026-07-31 22:00:15] local.INFO: Push subscription request received {"admin_session":false,"teacher_session":true,"endpoint":true,"public_key":true,"auth_token":true} 
[2026-07-31 22:00:15] local.INFO: Push subscription saved successfully {"model":"Teacher","id":6} 
[2026-07-31 22:00:36] local.INFO: Push subscription request received {"admin_session":false,"teacher_session":true,"endpoint":true,"public_key":true,"auth_token":true} 
[2026-07-31 22:00:36] local.INFO: Push subscription saved successfully {"model":"Teacher","id":6} 
[2026-07-31 22:01:47] local.INFO: Push subscription request received {"admin_session":false,"teacher_session":true,"endpoint":true,"public_key":true,"auth_token":true} 
[2026-07-31 22:01:47] local.INFO: Push subscription saved successfully {"model":"Teacher","id":6} 
[2026-07-31 22:07:02] local.INFO: Push subscription request received {"admin_session":false,"teacher_session":true,"endpoint":true,"public_key":true,"auth_token":true} 
[2026-07-31 22:07:02] local.INFO: Push subscription saved successfully {"model":"Teacher","id":6} 
[2026-07-31 22:07:58] local.INFO: Push subscription request received {"admin_session":false,"teacher_session":true,"endpoint":true,"public_key":true,"auth_token":true} 
[2026-07-31 22:07:58] local.INFO: Push subscription saved successfully {"model":"Teacher","id":6} 
[2026-07-31 22:11:02] local.INFO: Push subscription request received {"admin_session":false,"teacher_session":true,"endpoint":true,"public_key":true,"auth_token":true} 
[2026-07-31 22:11:02] local.INFO: Push subscription saved successfully {"model":"Teacher","id":6} 
[2026-07-31 22:13:09] local.INFO: Push subscription request received {"admin_session":false,"teacher_session":true,"endpoint":true,"public_key":true,"auth_token":true} 
[2026-07-31 22:13:09] local.INFO: Push subscription saved successfully {"model":"Teacher","id":6} 
[2026-07-31 22:15:21] local.INFO: Push subscription request received {"admin_session":false,"teacher_session":true,"endpoint":true,"public_key":true,"auth_token":true} 
[2026-07-31 22:15:21] local.INFO: Push subscription saved successfully {"model":"Teacher","id":6} 
[2026-07-31 22:15:52] local.INFO: Push subscription request received {"admin_session":false,"teacher_session":true,"endpoint":true,"public_key":true,"auth_token":true} 
[2026-07-31 22:15:52] local.INFO: Push subscription saved successfully {"model":"Teacher","id":6} 
[2026-07-31 22:16:06] local.INFO: Push subscription request received {"admin_session":false,"teacher_session":true,"endpoint":true,"public_key":true,"auth_token":true} 
[2026-07-31 22:16:06] local.INFO: Push subscription saved successfully {"model":"Teacher","id":6} 
[2026-07-31 22:16:24] local.INFO: Push subscription request received {"admin_session":false,"teacher_session":true,"endpoint":true,"public_key":true,"auth_token":true} 
[2026-07-31 22:16:24] local.INFO: Push subscription saved successfully {"model":"Teacher","id":6} 
[2026-07-31 22:16:36] local.INFO: Push subscription request received {"admin_session":false,"teacher_session":true,"endpoint":true,"public_key":true,"auth_token":true} 
[2026-07-31 22:16:36] local.INFO: Push subscription saved successfully {"model":"Teacher","id":6} 
[2026-07-31 22:16:47] local.INFO: Push subscription request received {"admin_session":false,"teacher_session":true,"endpoint":true,"public_key":true,"auth_token":true} 
[2026-07-31 22:16:47] local.INFO: Push subscription saved successfully {"model":"Teacher","id":6} 
[2026-07-31 22:17:20] local.INFO: Push subscription request received {"admin_session":false,"teacher_session":true,"endpoint":true,"public_key":true,"auth_token":true} 
[2026-07-31 22:17:20] local.INFO: Push subscription saved successfully {"model":"Teacher","id":6} 
[2026-07-31 22:17:55] local.INFO: Push subscription request received {"admin_session":false,"teacher_session":true,"endpoint":true,"public_key":true,"auth_token":true} 
[2026-07-31 22:17:55] local.INFO: Push subscription saved successfully {"model":"Teacher","id":6} 
[2026-07-31 22:20:24] local.INFO: Push subscription request received {"admin_session":false,"teacher_session":true,"endpoint":true,"public_key":true,"auth_token":true} 
[2026-07-31 22:20:24] local.INFO: Push subscription saved successfully {"model":"Teacher","id":6} 
[2026-07-31 22:21:15] local.INFO: Push subscription request received {"admin_session":false,"teacher_session":true,"endpoint":true,"public_key":true,"auth_token":true} 
[2026-07-31 22:21:15] local.INFO: Push subscription saved successfully {"model":"Teacher","id":6} 
[2026-08-01 12:12:56] local.INFO: Push subscription request received {"admin_session":false,"teacher_session":true,"endpoint":true,"public_key":true,"auth_token":true} 
[2026-08-01 12:12:56] local.INFO: Push subscription saved successfully {"model":"Teacher","id":6} 
[2026-08-01 12:13:02] local.INFO: Push subscription request received {"admin_session":false,"teacher_session":true,"endpoint":true,"public_key":true,"auth_token":true} 
[2026-08-01 12:13:02] local.INFO: Push subscription saved successfully {"model":"Teacher","id":6} 
[2026-08-01 12:13:31] local.INFO: Push subscription request received {"admin_session":false,"teacher_session":true,"endpoint":true,"public_key":true,"auth_token":true} 
[2026-08-01 12:13:31] local.INFO: Push subscription saved successfully {"model":"Teacher","id":47} 
[2026-08-01 12:13:36] local.INFO: Push subscription request received {"admin_session":false,"teacher_session":true,"endpoint":true,"public_key":true,"auth_token":true} 
[2026-08-01 12:13:36] local.INFO: Push subscription saved successfully {"model":"Teacher","id":47} 
[2026-08-01 12:13:42] local.INFO: Push subscription request received {"admin_session":false,"teacher_session":true,"endpoint":true,"public_key":true,"auth_token":true} 
[2026-08-01 12:13:42] local.INFO: Push subscription saved successfully {"model":"Teacher","id":47} 
[2026-08-01 12:13:49] local.INFO: Push subscription request received {"admin_session":false,"teacher_session":true,"endpoint":true,"public_key":true,"auth_token":true} 
[2026-08-01 12:13:49] local.INFO: Push subscription saved successfully {"model":"Teacher","id":47} 
[2026-08-01 12:13:56] local.INFO: Push subscription request received {"admin_session":false,"teacher_session":true,"endpoint":true,"public_key":true,"auth_token":true} 
[2026-08-01 12:13:56] local.INFO: Push subscription saved successfully {"model":"Teacher","id":47} 
[2026-08-01 12:14:00] local.INFO: Push subscription request received {"admin_session":false,"teacher_session":true,"endpoint":true,"public_key":true,"auth_token":true} 
[2026-08-01 12:14:00] local.INFO: Push subscription saved successfully {"model":"Teacher","id":47} 
[2026-08-01 12:14:19] local.INFO: Push subscription request received {"admin_session":false,"teacher_session":true,"endpoint":true,"public_key":true,"auth_token":true} 
[2026-08-01 12:14:19] local.INFO: Push subscription saved successfully {"model":"Teacher","id":47} 
[2026-08-01 12:14:33] local.INFO: Push subscription request received {"admin_session":false,"teacher_session":true,"endpoint":true,"public_key":true,"auth_token":true} 
[2026-08-01 12:14:33] local.INFO: Push subscription saved successfully {"model":"Teacher","id":47} 
[2026-08-01 12:15:01] local.INFO: Push subscription request received {"admin_session":false,"teacher_session":true,"endpoint":true,"public_key":true,"auth_token":true} 
[2026-08-01 12:15:01] local.INFO: Push subscription saved successfully {"model":"Teacher","id":47} 
[2026-08-01 12:15:55] local.INFO: Push subscription request received {"admin_session":false,"teacher_session":true,"endpoint":true,"public_key":true,"auth_token":true} 
[2026-08-01 12:15:55] local.INFO: Push subscription saved successfully {"model":"Teacher","id":47} 
[2026-08-01 12:16:17] local.INFO: Push subscription request received {"admin_session":false,"teacher_session":true,"endpoint":true,"public_key":true,"auth_token":true} 
[2026-08-01 12:16:17] local.INFO: Push subscription saved successfully {"model":"Teacher","id":47} 
[2026-08-01 16:20:31] local.ERROR: SQLSTATE[HY000] [2002] No connection could be made because the target machine actively refused it (Connection: mysql, SQL: select exists (select 1 from information_schema.tables where table_schema = 'u453625278_smasa_db' and table_name = 'migrations' and table_type in ('BASE TABLE', 'SYSTEM VERSIONED')) as `exists`) {"exception":"[object] (Illuminate\\Database\\QueryException(code: 2002): SQLSTATE[HY000] [2002] No connection could be made because the target machine actively refused it (Connection: mysql, SQL: select exists (select 1 from information_schema.tables where table_schema = 'u453625278_smasa_db' and table_name = 'migrations' and table_type in ('BASE TABLE', 'SYSTEM VERSIONED')) as `exists`) at C:/Users/USER/Desktop/SMASA/vendor/laravel/framework/src/Illuminate/Database/Connection.php:825)
[stacktrace]
#0 C:/Users/USER/Desktop/SMASA/vendor/laravel/framework/src/Illuminate/Database/Connection.php(979): Illuminate/Database/Connection->runQueryCallback('select exists (...', Array, Object(Closure))
#1 C:/Users/USER/Desktop/SMASA/vendor/laravel/framework/src/Illuminate/Database/Connection.php(958): Illuminate/Database/Connection->tryAgainIfCausedByLostConnection(Object(Illuminate/Database/QueryException), 'select exists (...', Array, Object(Closure))
#2 C:/Users/USER/Desktop/SMASA/vendor/laravel/framework/src/Illuminate/Database/Connection.php(781): Illuminate/Database/Connection->handleQueryException(Object(Illuminate/Database/QueryException), 'select exists (...', Array, Object(Closure))
#3 C:/Users/USER/Desktop/SMASA/vendor/laravel/framework/src/Illuminate/Database/Connection.php(398): Illuminate/Database/Connection->run('select exists (...', Array, Object(Closure))
#4 C:/Users/USER/Desktop/SMASA/vendor/laravel/framework/src/Illuminate/Database/Connection.php(344): Illuminate/Database/Connection->select('select exists (...', Array, true)
#5 C:/Users/USER/Desktop/SMASA/vendor/laravel/framework/src/Illuminate/Database/Connection.php(361): Illuminate/Database/Connection->selectOne('select exists (...', Array, true)
#6 C:/Users/USER/Desktop/SMASA/vendor/laravel/framework/src/Illuminate/Database/Schema/MySqlBuilder.php(45): Illuminate/Database/Connection->scalar('select exists (...')
#7 C:/Users/USER/Desktop/SMASA/vendor/laravel/framework/src/Illuminate/Database/Migrations/DatabaseMigrationRepository.php(184): Illuminate/Database/Schema/MySqlBuilder->hasTable('migrations')
#8 C:/Users/USER/Desktop/SMASA/vendor/laravel/framework/src/Illuminate/Database/Migrations/Migrator.php(742): Illuminate/Database/Migrations/DatabaseMigrationRepository->repositoryExists()
#9 C:/Users/USER/Desktop/SMASA/vendor/laravel/framework/src/Illuminate/Database/Console/Migrations/StatusCommand.php(56): Illuminate/Database/Migrations/Migrator->repositoryExists()
#10 C:/Users/USER/Desktop/SMASA/vendor/laravel/framework/src/Illuminate/Database/Migrations/Migrator.php(658): Illuminate/Database/Console/Migrations/StatusCommand->Illuminate/Database/Console/Migrations/{closure}()
#11 C:/Users/USER/Desktop/SMASA/vendor/laravel/framework/src/Illuminate/Database/Console/Migrations/StatusCommand.php(55): Illuminate/Database/Migrations/Migrator->usingConnection(NULL, Object(Closure))
#12 C:/Users/USER/Desktop/SMASA/vendor/laravel/framework/src/Illuminate/Container/BoundMethod.php(36): Illuminate/Database/Console/Migrations/StatusCommand->handle()
#13 C:/Users/USER/Desktop/SMASA/vendor/laravel/framework/src/Illuminate/Container/Util.php(43): Illuminate/Container/BoundMethod::Illuminate/Container/{closure}()
#14 C:/Users/USER/Desktop/SMASA/vendor/laravel/framework/src/Illuminate/Container/BoundMethod.php(95): Illuminate/Container/Util::unwrapIfClosure(Object(Closure))
#15 C:/Users/USER/Desktop/SMASA/vendor/laravel/framework/src/Illuminate/Container/BoundMethod.php(35): Illuminate/Container/BoundMethod::callBoundMethod(Object(Illuminate/Foundation/Application), Array, Object(Closure))
#16 C:/Users/USER/Desktop/SMASA/vendor/laravel/framework/src/Illuminate/Container/Container.php(696): Illuminate/Container/BoundMethod::call(Object(Illuminate/Foundation/Application), Array, Array, NULL)
#17 C:/Users/USER/Desktop/SMASA/vendor/laravel/framework/src/Illuminate/Console/Command.php(213): Illuminate/Container/Container->call(Array)
#18 C:/Users/USER/Desktop/SMASA/vendor/symfony/console/Command/Command.php(341): Illuminate/Console/Command->execute(Object(Symfony/Component/Console/Input/ArgvInput), Object(Illuminate/Console/OutputStyle))
#19 C:/Users/USER/Desktop/SMASA/vendor/laravel/framework/src/Illuminate/Console/Command.php(182): Symfony/Component/Console/Command/Command->run(Object(Symfony/Component/Console/Input/ArgvInput), Object(Illuminate/Console/OutputStyle))
#20 C:/Users/USER/Desktop/SMASA/vendor/symfony/console/Application.php(1117): Illuminate/Console/Command->run(Object(Symfony/Component/Console/Input/ArgvInput), Object(Symfony/Component/Console/Output/ConsoleOutput))
#21 C:/Users/USER/Desktop/SMASA/vendor/symfony/console/Application.php(356): Symfony/Component/Console/Application->doRunCommand(Object(Illuminate/Database/Console/Migrations/StatusCommand), Object(Symfony/Component/Console/Input/ArgvInput), Object(Symfony/Component/Console/Output/ConsoleOutput))
#22 C:/Users/USER/Desktop/SMASA/vendor/symfony/console/Application.php(195): Symfony/Component/Console/Application->doRun(Object(Symfony/Component/Console/Input/ArgvInput), Object(Symfony/Component/Console/Output/ConsoleOutput))
#23 C:/Users/USER/Desktop/SMASA/vendor/laravel/framework/src/Illuminate/Foundation/Console/Kernel.php(198): Symfony/Component/Console/Application->run(Object(Symfony/Component/Console/Input/ArgvInput), Object(Symfony/Component/Console/Output/ConsoleOutput))
#24 C:/Users/USER/Desktop/SMASA/artisan(35): Illuminate/Foundation/Console/Kernel->handle(Object(Symfony/Component/Console/Input/ArgvInput), Object(Symfony/Component/Console/Output/ConsoleOutput))
#25 {main}

[previous exception] [object] (PDOException(code: 2002): SQLSTATE[HY000] [2002] No connection could be made because the target machine actively refused it at C:/Users/USER/Desktop/SMASA/vendor/laravel/framework/src/Illuminate/Database/Connectors/Connector.php:66)
[stacktrace]
#0 C:/Users/USER/Desktop/SMASA/vendor/laravel/framework/src/Illuminate/Database/Connectors/Connector.php(66): PDO->__construct('mysql:host=127....', 'root', Object(SensitiveParameterValue), Array)
#1 C:/Users/USER/Desktop/SMASA/vendor/laravel/framework/src/Illuminate/Database/Connectors/Connector.php(85): Illuminate/Database/Connectors/Connector->createPdoConnection('mysql:host=127....', 'root', Object(SensitiveParameterValue), Array)
#2 C:/Users/USER/Desktop/SMASA/vendor/laravel/framework/src/Illuminate/Database/Connectors/Connector.php(48): Illuminate/Database/Connectors/Connector->tryAgainIfCausedByLostConnection(Object(PDOException), 'mysql:host=127....', 'root', Object(SensitiveParameterValue), Array)
#3 C:/Users/USER/Desktop/SMASA/vendor/laravel/framework/src/Illuminate/Database/Connectors/MySqlConnector.php(24): Illuminate/Database/Connectors/Connector->createConnection('mysql:host=127....', Array, Array)
#4 C:/Users/USER/Desktop/SMASA/vendor/laravel/framework/src/Illuminate/Database/Connectors/ConnectionFactory.php(185): Illuminate/Database/Connectors/MySqlConnector->connect(Array)
#5 [internal function]: Illuminate/Database/Connectors/ConnectionFactory->Illuminate/Database/Connectors/{closure}()
#6 C:/Users/USER/Desktop/SMASA/vendor/laravel/framework/src/Illuminate/Database/Connection.php(1231): call_user_func(Object(Closure))
#7 C:/Users/USER/Desktop/SMASA/vendor/laravel/framework/src/Illuminate/Database/Connection.php(1267): Illuminate/Database/Connection->getPdo()
#8 C:/Users/USER/Desktop/SMASA/vendor/laravel/framework/src/Illuminate/Database/Connection.php(512): Illuminate/Database/Connection->getReadPdo()
#9 C:/Users/USER/Desktop/SMASA/vendor/laravel/framework/src/Illuminate/Database/Connection.php(407): Illuminate/Database/Connection->getPdoForSelect(true)
#10 C:/Users/USER/Desktop/SMASA/vendor/laravel/framework/src/Illuminate/Database/Connection.php(812): Illuminate/Database/Connection->Illuminate/Database/{closure}('select exists (...', Array)
#11 C:/Users/USER/Desktop/SMASA/vendor/laravel/framework/src/Illuminate/Database/Connection.php(979): Illuminate/Database/Connection->runQueryCallback('select exists (...', Array, Object(Closure))
#12 C:/Users/USER/Desktop/SMASA/vendor/laravel/framework/src/Illuminate/Database/Connection.php(958): Illuminate/Database/Connection->tryAgainIfCausedByLostConnection(Object(Illuminate/Database/QueryException), 'select exists (...', Array, Object(Closure))
#13 C:/Users/USER/Desktop/SMASA/vendor/laravel/framework/src/Illuminate/Database/Connection.php(781): Illuminate/Database/Connection->handleQueryException(Object(Illuminate/Database/QueryException), 'select exists (...', Array, Object(Closure))
#14 C:/Users/USER/Desktop/SMASA/vendor/laravel/framework/src/Illuminate/Database/Connection.php(398): Illuminate/Database/Connection->run('select exists (...', Array, Object(Closure))
#15 C:/Users/USER/Desktop/SMASA/vendor/laravel/framework/src/Illuminate/Database/Connection.php(344): Illuminate/Database/Connection->select('select exists (...', Array, true)
#16 C:/Users/USER/Desktop/SMASA/vendor/laravel/framework/src/Illuminate/Database/Connection.php(361): Illuminate/Database/Connection->selectOne('select exists (...', Array, true)
#17 C:/Users/USER/Desktop/SMASA/vendor/laravel/framework/src/Illuminate/Database/Schema/MySqlBuilder.php(45): Illuminate/Database/Connection->scalar('select exists (...')
#18 C:/Users/USER/Desktop/SMASA/vendor/laravel/framework/src/Illuminate/Database/Migrations/DatabaseMigrationRepository.php(184): Illuminate/Database/Schema/MySqlBuilder->hasTable('migrations')
#19 C:/Users/USER/Desktop/SMASA/vendor/laravel/framework/src/Illuminate/Database/Migrations/Migrator.php(742): Illuminate/Database/Migrations/DatabaseMigrationRepository->repositoryExists()
#20 C:/Users/USER/Desktop/SMASA/vendor/laravel/framework/src/Illuminate/Database/Console/Migrations/StatusCommand.php(56): Illuminate/Database/Migrations/Migrator->repositoryExists()
#21 C:/Users/USER/Desktop/SMASA/vendor/laravel/framework/src/Illuminate/Database/Migrations/Migrator.php(658): Illuminate/Database/Console/Migrations/StatusCommand->Illuminate/Database/Console/Migrations/{closure}()
#22 C:/Users/USER/Desktop/SMASA/vendor/laravel/framework/src/Illuminate/Database/Console/Migrations/StatusCommand.php(55): Illuminate/Database/Migrations/Migrator->usingConnection(NULL, Object(Closure))
#23 C:/Users/USER/Desktop/SMASA/vendor/laravel/framework/src/Illuminate/Container/BoundMethod.php(36): Illuminate/Database/Console/Migrations/StatusCommand->handle()
#24 C:/Users/USER/Desktop/SMASA/vendor/laravel/framework/src/Illuminate/Container/Util.php(43): Illuminate/Container/BoundMethod::Illuminate/Container/{closure}()
#25 C:/Users/USER/Desktop/SMASA/vendor/laravel/framework/src/Illuminate/Container/BoundMethod.php(95): Illuminate/Container/Util::unwrapIfClosure(Object(Closure))
#26 C:/Users/USER/Desktop/SMASA/vendor/laravel/framework/src/Illuminate/Container/BoundMethod.php(35): Illuminate/Container/BoundMethod::callBoundMethod(Object(Illuminate/Foundation/Application), Array, Object(Closure))
#27 C:/Users/USER/Desktop/SMASA/vendor/laravel/framework/src/Illuminate/Container/Container.php(696): Illuminate/Container/BoundMethod::call(Object(Illuminate/Foundation/Application), Array, Array, NULL)
#28 C:/Users/USER/Desktop/SMASA/vendor/laravel/framework/src/Illuminate/Console/Command.php(213): Illuminate/Container/Container->call(Array)
#29 C:/Users/USER/Desktop/SMASA/vendor/symfony/console/Command/Command.php(341): Illuminate/Console/Command->execute(Object(Symfony/Component/Console/Input/ArgvInput), Object(Illuminate/Console/OutputStyle))
#30 C:/Users/USER/Desktop/SMASA/vendor/laravel/framework/src/Illuminate/Console/Command.php(182): Symfony/Component/Console/Command/Command->run(Object(Symfony/Component/Console/Input/ArgvInput), Object(Illuminate/Console/OutputStyle))
#31 C:/Users/USER/Desktop/SMASA/vendor/symfony/console/Application.php(1117): Illuminate/Console/Command->run(Object(Symfony/Component/Console/Input/ArgvInput), Object(Symfony/Component/Console/Output/ConsoleOutput))
#32 C:/Users/USER/Desktop/SMASA/vendor/symfony/console/Application.php(356): Symfony/Component/Console/Application->doRunCommand(Object(Illuminate/Database/Console/Migrations/StatusCommand), Object(Symfony/Component/Console/Input/ArgvInput), Object(Symfony/Component/Console/Output/ConsoleOutput))
#33 C:/Users/USER/Desktop/SMASA/vendor/symfony/console/Application.php(195): Symfony/Component/Console/Application->doRun(Object(Symfony/Component/Console/Input/ArgvInput), Object(Symfony/Component/Console/Output/ConsoleOutput))
#34 C:/Users/USER/Desktop/SMASA/vendor/laravel/framework/src/Illuminate/Foundation/Console/Kernel.php(198): Symfony/Component/Console/Application->run(Object(Symfony/Component/Console/Input/ArgvInput), Object(Symfony/Component/Console/Output/ConsoleOutput))
#35 C:/Users/USER/Desktop/SMASA/artisan(35): Illuminate/Foundation/Console/Kernel->handle(Object(Symfony/Component/Console/Input/ArgvInput), Object(Symfony/Component/Console/Output/ConsoleOutput))
#36 {main}
"} 
[2026-08-01 16:45:12] local.INFO: Push subscription request received {"admin_session":false,"teacher_session":true,"endpoint":true,"public_key":true,"auth_token":true} 
[2026-08-01 16:45:12] local.INFO: Push subscription saved successfully {"model":"Teacher","id":47} 
[2026-08-01 16:45:38] local.INFO: Push subscription request received {"admin_session":true,"teacher_session":false,"endpoint":true,"public_key":true,"auth_token":true} 
[2026-08-01 16:45:38] local.INFO: Push subscription saved successfully {"model":"User","id":1} 
[2026-08-01 16:45:59] local.INFO: Push subscription request received {"admin_session":false,"teacher_session":true,"endpoint":true,"public_key":true,"auth_token":true} 
[2026-08-01 16:45:59] local.INFO: Push subscription saved successfully {"model":"Teacher","id":47} 
[2026-08-01 16:45:59] local.INFO: Push subscription request received {"admin_session":true,"teacher_session":false,"endpoint":true,"public_key":true,"auth_token":true} 
[2026-08-01 16:45:59] local.INFO: Push subscription saved successfully {"model":"User","id":1} 
[2026-08-01 16:46:42] local.INFO: Push subscription request received {"admin_session":true,"teacher_session":false,"endpoint":true,"public_key":true,"auth_token":true} 
[2026-08-01 16:46:42] local.INFO: Push subscription saved successfully {"model":"User","id":1} 
[2026-08-01 16:46:48] local.INFO: Push subscription request received {"admin_session":false,"teacher_session":true,"endpoint":true,"public_key":true,"auth_token":true} 
[2026-08-01 16:46:48] local.INFO: Push subscription saved successfully {"model":"Teacher","id":47} 
[2026-08-01 16:50:49] local.ERROR: SQLSTATE[HY000] [2002] No connection could be made because the target machine actively refused it (Connection: mysql, SQL: select count(*) as aggregate from `smasa_notification_recipients` where `recipient_type` = admin and `recipient_id` = 1 and `is_read` = 0) {"exception":"[object] (Illuminate\\Database\\QueryException(code: 2002): SQLSTATE[HY000] [2002] No connection could be made because the target machine actively refused it (Connection: mysql, SQL: select count(*) as aggregate from `smasa_notification_recipients` where `recipient_type` = admin and `recipient_id` = 1 and `is_read` = 0) at C:/Users/USER/Desktop/SMASA/vendor/laravel/framework/src/Illuminate/Database/Connection.php:825)
[stacktrace]
#0 C:/Users/USER/Desktop/SMASA/vendor/laravel/framework/src/Illuminate/Database/Connection.php(979): Illuminate/Database/Connection->runQueryCallback('select count(*)...', Array, Object(Closure))
#1 C:/Users/USER/Desktop/SMASA/vendor/laravel/framework/src/Illuminate/Database/Connection.php(958): Illuminate/Database/Connection->tryAgainIfCausedByLostConnection(Object(Illuminate/Database/QueryException), 'select count(*)...', Array, Object(Closure))
#2 C:/Users/USER/Desktop/SMASA/vendor/laravel/framework/src/Illuminate/Database/Connection.php(781): Illuminate/Database/Connection->handleQueryException(Object(Illuminate/Database/QueryException), 'select count(*)...', Array, Object(Closure))
#3 C:/Users/USER/Desktop/SMASA/vendor/laravel/framework/src/Illuminate/Database/Connection.php(398): Illuminate/Database/Connection->run('select count(*)...', Array, Object(Closure))
#4 C:/Users/USER/Desktop/SMASA/vendor/laravel/framework/src/Illuminate/Database/Query/Builder.php(3106): Illuminate/Database/Connection->select('select count(*)...', Array, true)
#5 C:/Users/USER/Desktop/SMASA/vendor/laravel/framework/src/Illuminate/Database/Query/Builder.php(3091): Illuminate/Database/Query/Builder->runSelect()
#6 C:/Users/USER/Desktop/SMASA/vendor/laravel/framework/src/Illuminate/Database/Query/Builder.php(3676): Illuminate/Database/Query/Builder->Illuminate/Database/Query/{closure}()
#7 C:/Users/USER/Desktop/SMASA/vendor/laravel/framework/src/Illuminate/Database/Query/Builder.php(3090): Illuminate/Database/Query/Builder->onceWithColumns(Array, Object(Closure))
#8 C:/Users/USER/Desktop/SMASA/vendor/laravel/framework/src/Illuminate/Database/Query/Builder.php(3603): Illuminate/Database/Query/Builder->get(Array)
#9 C:/Users/USER/Desktop/SMASA/vendor/laravel/framework/src/Illuminate/Database/Query/Builder.php(3531): Illuminate/Database/Query/Builder->aggregate('count', Array)
#10 C:/Users/USER/Desktop/SMASA/vendor/laravel/framework/src/Illuminate/Database/Eloquent/Builder.php(2120): Illuminate/Database/Query/Builder->count()
#11 C:/Users/USER/Desktop/SMASA/app/Services/NotificationService.php(234): Illuminate/Database/Eloquent/Builder->__call('count', Array)
#12 C:/Users/USER/Desktop/SMASA/app/Http/Controllers/NotificationController.php(209): App/Services/NotificationService::unreadCount('admin', 1)
#13 C:/Users/USER/Desktop/SMASA/vendor/laravel/framework/src/Illuminate/Routing/Controller.php(54): App/Http/Controllers/NotificationController->unreadCount()
#14 C:/Users/USER/Desktop/SMASA/vendor/laravel/framework/src/Illuminate/Routing/ControllerDispatcher.php(44): Illuminate/Routing/Controller->callAction('unreadCount', Array)
#15 C:/Users/USER/Desktop/SMASA/vendor/laravel/framework/src/Illuminate/Routing/Route.php(266): Illuminate/Routing/ControllerDispatcher->dispatch(Object(Illuminate/Routing/Route), Object(App/Http/Controllers/NotificationController), 'unreadCount')
#16 C:/Users/USER/Desktop/SMASA/vendor/laravel/framework/src/Illuminate/Routing/Route.php(212): Illuminate/Routing/Route->runController()
#17 C:/Users/USER/Desktop/SMASA/vendor/laravel/framework/src/Illuminate/Routing/Router.php(808): Illuminate/Routing/Route->run()
#18 C:/Users/USER/Desktop/SMASA/vendor/laravel/framework/src/Illuminate/Pipeline/Pipeline.php(170): Illuminate/Routing/Router->Illuminate/Routing/{closure}(Object(Illuminate/Http/Request))
#19 C:/Users/USER/Desktop/SMASA/app/Http/Middleware/AdminAuth.php(56): Illuminate/Pipeline/Pipeline->Illuminate/Pipeline/{closure}(Object(Illuminate/Http/Request))
#20 C:/Users/USER/Desktop/SMASA/vendor/laravel/framework/src/Illuminate/Pipeline/Pipeline.php(209): App/Http/Middleware/AdminAuth->handle(Object(Illuminate/Http/Request), Object(Closure))
#21 C:/Users/USER/Desktop/SMASA/vendor/mcamara/laravel-localization/src/Mcamara/LaravelLocalization/Middleware/LaravelLocalizationRedirectFilter.php(45): Illuminate/Pipeline/Pipeline->Illuminate/Pipeline/{closure}(Object(Illuminate/Http/Request))
#22 C:/Users/USER/Desktop/SMASA/vendor/laravel/framework/src/Illuminate/Pipeline/Pipeline.php(209): Mcamara/LaravelLocalization/Middleware/LaravelLocalizationRedirectFilter->handle(Object(Illuminate/Http/Request), Object(Closure))
#23 C:/Users/USER/Desktop/SMASA/vendor/mcamara/laravel-localization/src/Mcamara/LaravelLocalization/Middleware/LaravelLocalizationRoutes.php(30): Illuminate/Pipeline/Pipeline->Illuminate/Pipeline/{closure}(Object(Illuminate/Http/Request))
#24 C:/Users/USER/Desktop/SMASA/vendor/laravel/framework/src/Illuminate/Pipeline/Pipeline.php(209): Mcamara/LaravelLocalization/Middleware/LaravelLocalizationRoutes->handle(Object(Illuminate/Http/Request), Object(Closure))
#25 C:/Users/USER/Desktop/SMASA/vendor/laravel/framework/src/Illuminate/Routing/Middleware/SubstituteBindings.php(51): Illuminate/Pipeline/Pipeline->Illuminate/Pipeline/{closure}(Object(Illuminate/Http/Request))
#26 C:/Users/USER/Desktop/SMASA/vendor/laravel/framework/src/Illuminate/Pipeline/Pipeline.php(209): Illuminate/Routing/Middleware/SubstituteBindings->handle(Object(Illuminate/Http/Request), Object(Closure))
#27 C:/Users/USER/Desktop/SMASA/vendor/laravel/framework/src/Illuminate/Foundation/Http/Middleware/VerifyCsrfToken.php(88): Illuminate/Pipeline/Pipeline->Illuminate/Pipeline/{closure}(Object(Illuminate/Http/Request))
#28 C:/Users/USER/Desktop/SMASA/vendor/laravel/framework/src/Illuminate/Pipeline/Pipeline.php(209): Illuminate/Foundation/Http/Middleware/VerifyCsrfToken->handle(Object(Illuminate/Http/Request), Object(Closure))
#29 C:/Users/USER/Desktop/SMASA/vendor/laravel/framework/src/Illuminate/View/Middleware/ShareErrorsFromSession.php(49): Illuminate/Pipeline/Pipeline->Illuminate/Pipeline/{closure}(Object(Illuminate/Http/Request))
#30 C:/Users/USER/Desktop/SMASA/vendor/laravel/framework/src/Illuminate/Pipeline/Pipeline.php(209): Illuminate/View/Middleware/ShareErrorsFromSession->handle(Object(Illuminate/Http/Request), Object(Closure))
#31 C:/Users/USER/Desktop/SMASA/vendor/laravel/framework/src/Illuminate/Session/Middleware/StartSession.php(121): Illuminate/Pipeline/Pipeline->Illuminate/Pipeline/{closure}(Object(Illuminate/Http/Request))
#32 C:/Users/USER/Desktop/SMASA/vendor/laravel/framework/src/Illuminate/Session/Middleware/StartSession.php(64): Illuminate/Session/Middleware/StartSession->handleStatefulRequest(Object(Illuminate/Http/Request), Object(Illuminate/Session/Store), Object(Closure))
#33 C:/Users/USER/Desktop/SMASA/vendor/laravel/framework/src/Illuminate/Pipeline/Pipeline.php(209): Illuminate/Session/Middleware/StartSession->handle(Object(Illuminate/Http/Request), Object(Closure))
#34 C:/Users/USER/Desktop/SMASA/vendor/laravel/framework/src/Illuminate/Cookie/Middleware/AddQueuedCookiesToResponse.php(37): Illuminate/Pipeline/Pipeline->Illuminate/Pipeline/{closure}(Object(Illuminate/Http/Request))
#35 C:/Users/USER/Desktop/SMASA/vendor/laravel/framework/src/Illuminate/Pipeline/Pipeline.php(209): Illuminate/Cookie/Middleware/AddQueuedCookiesToResponse->handle(Object(Illuminate/Http/Request), Object(Closure))
#36 C:/Users/USER/Desktop/SMASA/vendor/laravel/framework/src/Illuminate/Cookie/Middleware/EncryptCookies.php(75): Illuminate/Pipeline/Pipeline->Illuminate/Pipeline/{closure}(Object(Illuminate/Http/Request))
#37 C:/Users/USER/Desktop/SMASA/vendor/laravel/framework/src/Illuminate/Pipeline/Pipeline.php(209): Illuminate/Cookie/Middleware/EncryptCookies->handle(Object(Illuminate/Http/Request), Object(Closure))
#38 C:/Users/USER/Desktop/SMASA/vendor/laravel/framework/src/Illuminate/Pipeline/Pipeline.php(127): Illuminate/Pipeline/Pipeline->Illuminate/Pipeline/{closure}(Object(Illuminate/Http/Request))
#39 C:/Users/USER/Desktop/SMASA/vendor/laravel/framework/src/Illuminate/Routing/Router.php(807): Illuminate/Pipeline/Pipeline->then(Object(Closure))
#40 C:/Users/USER/Desktop/SMASA/vendor/laravel/framework/src/Illuminate/Routing/Router.php(786): Illuminate/Routing/Router->runRouteWithinStack(Object(Illuminate/Routing/Route), Object(Illuminate/Http/Request))
#41 C:/Users/USER/Desktop/SMASA/vendor/laravel/framework/src/Illuminate/Routing/Router.php(750): Illuminate/Routing/Router->runRoute(Object(Illuminate/Http/Request), Object(Illuminate/Routing/Route))
#42 C:/Users/USER/Desktop/SMASA/vendor/laravel/framework/src/Illuminate/Routing/Router.php(739): Illuminate/Routing/Router->dispatchToRoute(Object(Illuminate/Http/Request))
#43 C:/Users/USER/Desktop/SMASA/vendor/laravel/framework/src/Illuminate/Foundation/Http/Kernel.php(201): Illuminate/Routing/Router->dispatch(Object(Illuminate/Http/Request))
#44 C:/Users/USER/Desktop/SMASA/vendor/laravel/framework/src/Illuminate/Pipeline/Pipeline.php(170): Illuminate/Foundation/Http/Kernel->Illuminate/Foundation/Http/{closure}(Object(Illuminate/Http/Request))
#45 C:/Users/USER/Desktop/SMASA/vendor/laravel/framework/src/Illuminate/Foundation/Http/Middleware/TransformsRequest.php(21): Illuminate/Pipeline/Pipeline->Illuminate/Pipeline/{closure}(Object(Illuminate/Http/Request))
#46 C:/Users/USER/Desktop/SMASA/vendor/laravel/framework/src/Illuminate/Foundation/Http/Middleware/ConvertEmptyStringsToNull.php(31): Illuminate/Foundation/Http/Middleware/TransformsRequest->handle(Object(Illuminate/Http/Request), Object(Closure))
#47 C:/Users/USER/Desktop/SMASA/vendor/laravel/framework/src/Illuminate/Pipeline/Pipeline.php(209): Illuminate/Foundation/Http/Middleware/ConvertEmptyStringsToNull->handle(Object(Illuminate/Http/Request), Object(Closure))
#48 C:/Users/USER/Desktop/SMASA/vendor/laravel/framework/src/Illuminate/Foundation/Http/Middleware/TransformsRequest.php(21): Illuminate/Pipeline/Pipeline->Illuminate/Pipeline/{closure}(Object(Illuminate/Http/Request))
#49 C:/Users/USER/Desktop/SMASA/vendor/laravel/framework/src/Illuminate/Foundation/Http/Middleware/TrimStrings.php(51): Illuminate/Foundation/Http/Middleware/TransformsRequest->handle(Object(Illuminate/Http/Request), Object(Closure))
#50 C:/Users/USER/Desktop/SMASA/vendor/laravel/framework/src/Illuminate/Pipeline/Pipeline.php(209): Illuminate/Foundation/Http/Middleware/TrimStrings->handle(Object(Illuminate/Http/Request), Object(Closure))
#51 C:/Users/USER/Desktop/SMASA/vendor/laravel/framework/src/Illuminate/Http/Middleware/ValidatePostSize.php(27): Illuminate/Pipeline/Pipeline->Illuminate/Pipeline/{closure}(Object(Illuminate/Http/Request))
#52 C:/Users/USER/Desktop/SMASA/vendor/laravel/framework/src/Illuminate/Pipeline/Pipeline.php(209): Illuminate/Http/Middleware/ValidatePostSize->handle(Object(Illuminate/Http/Request), Object(Closure))
#53 C:/Users/USER/Desktop/SMASA/vendor/laravel/framework/src/Illuminate/Foundation/Http/Middleware/PreventRequestsDuringMaintenance.php(110): Illuminate/Pipeline/Pipeline->Illuminate/Pipeline/{closure}(Object(Illuminate/Http/Request))
#54 C:/Users/USER/Desktop/SMASA/vendor/laravel/framework/src/Illuminate/Pipeline/Pipeline.php(209): Illuminate/Foundation/Http/Middleware/PreventRequestsDuringMaintenance->handle(Object(Illuminate/Http/Request), Object(Closure))
#55 C:/Users/USER/Desktop/SMASA/vendor/laravel/framework/src/Illuminate/Http/Middleware/HandleCors.php(49): Illuminate/Pipeline/Pipeline->Illuminate/Pipeline/{closure}(Object(Illuminate/Http/Request))
#56 C:/Users/USER/Desktop/SMASA/vendor/laravel/framework/src/Illuminate/Pipeline/Pipeline.php(209): Illuminate/Http/Middleware/HandleCors->handle(Object(Illuminate/Http/Request), Object(Closure))
#57 C:/Users/USER/Desktop/SMASA/vendor/laravel/framework/src/Illuminate/Http/Middleware/TrustProxies.php(58): Illuminate/Pipeline/Pipeline->Illuminate/Pipeline/{closure}(Object(Illuminate/Http/Request))
#58 C:/Users/USER/Desktop/SMASA/vendor/laravel/framework/src/Illuminate/Pipeline/Pipeline.php(209): Illuminate/Http/Middleware/TrustProxies->handle(Object(Illuminate/Http/Request), Object(Closure))
#59 C:/Users/USER/Desktop/SMASA/vendor/laravel/framework/src/Illuminate/Pipeline/Pipeline.php(127): Illuminate/Pipeline/Pipeline->Illuminate/Pipeline/{closure}(Object(Illuminate/Http/Request))
#60 C:/Users/USER/Desktop/SMASA/vendor/laravel/framework/src/Illuminate/Foundation/Http/Kernel.php(176): Illuminate/Pipeline/Pipeline->then(Object(Closure))
#61 C:/Users/USER/Desktop/SMASA/vendor/laravel/framework/src/Illuminate/Foundation/Http/Kernel.php(145): Illuminate/Foundation/Http/Kernel->sendRequestThroughRouter(Object(Illuminate/Http/Request))
#62 C:/Users/USER/Desktop/SMASA/public/index.php(58): Illuminate/Foundation/Http/Kernel->handle(Object(Illuminate/Http/Request))
#63 C:/Users/USER/Desktop/SMASA/server.php(25): require_once('C://Users//USER//D...')
#64 {main}

[previous exception] [object] (PDOException(code: 2002): SQLSTATE[HY000] [2002] No connection could be made because the target machine actively refused it at C:/Users/USER/Desktop/SMASA/vendor/laravel/framework/src/Illuminate/Database/Connectors/Connector.php:66)
[stacktrace]
#0 C:/Users/USER/Desktop/SMASA/vendor/laravel/framework/src/Illuminate/Database/Connectors/Connector.php(66): PDO->__construct('mysql:host=127....', 'root', Object(SensitiveParameterValue), Array)
#1 C:/Users/USER/Desktop/SMASA/vendor/laravel/framework/src/Illuminate/Database/Connectors/Connector.php(85): Illuminate/Database/Connectors/Connector->createPdoConnection('mysql:host=127....', 'root', Object(SensitiveParameterValue), Array)
#2 C:/Users/USER/Desktop/SMASA/vendor/laravel/framework/src/Illuminate/Database/Connectors/Connector.php(48): Illuminate/Database/Connectors/Connector->tryAgainIfCausedByLostConnection(Object(PDOException), 'mysql:host=127....', 'root', Object(SensitiveParameterValue), Array)
#3 C:/Users/USER/Desktop/SMASA/vendor/laravel/framework/src/Illuminate/Database/Connectors/MySqlConnector.php(24): Illuminate/Database/Connectors/Connector->createConnection('mysql:host=127....', Array, Array)
#4 C:/Users/USER/Desktop/SMASA/vendor/laravel/framework/src/Illuminate/Database/Connectors/ConnectionFactory.php(185): Illuminate/Database/Connectors/MySqlConnector->connect(Array)
#5 [internal function]: Illuminate/Database/Connectors/ConnectionFactory->Illuminate/Database/Connectors/{closure}()
#6 C:/Users/USER/Desktop/SMASA/vendor/laravel/framework/src/Illuminate/Database/Connection.php(1231): call_user_func(Object(Closure))
#7 C:/Users/USER/Desktop/SMASA/vendor/laravel/framework/src/Illuminate/Database/Connection.php(1267): Illuminate/Database/Connection->getPdo()
#8 C:/Users/USER/Desktop/SMASA/vendor/laravel/framework/src/Illuminate/Database/Connection.php(512): Illuminate/Database/Connection->getReadPdo()
#9 C:/Users/USER/Desktop/SMASA/vendor/laravel/framework/src/Illuminate/Database/Connection.php(407): Illuminate/Database/Connection->getPdoForSelect(true)
#10 C:/Users/USER/Desktop/SMASA/vendor/laravel/framework/src/Illuminate/Database/Connection.php(812): Illuminate/Database/Connection->Illuminate/Database/{closure}('select count(*)...', Array)
#11 C:/Users/USER/Desktop/SMASA/vendor/laravel/framework/src/Illuminate/Database/Connection.php(979): Illuminate/Database/Connection->runQueryCallback('select count(*)...', Array, Object(Closure))
#12 C:/Users/USER/Desktop/SMASA/vendor/laravel/framework/src/Illuminate/Database/Connection.php(958): Illuminate/Database/Connection->tryAgainIfCausedByLostConnection(Object(Illuminate/Database/QueryException), 'select count(*)...', Array, Object(Closure))
#13 C:/Users/USER/Desktop/SMASA/vendor/laravel/framework/src/Illuminate/Database/Connection.php(781): Illuminate/Database/Connection->handleQueryException(Object(Illuminate/Database/QueryException), 'select count(*)...', Array, Object(Closure))
#14 C:/Users/USER/Desktop/SMASA/vendor/laravel/framework/src/Illuminate/Database/Connection.php(398): Illuminate/Database/Connection->run('select count(*)...', Array, Object(Closure))
#15 C:/Users/USER/Desktop/SMASA/vendor/laravel/framework/src/Illuminate/Database/Query/Builder.php(3106): Illuminate/Database/Connection->select('select count(*)...', Array, true)
#16 C:/Users/USER/Desktop/SMASA/vendor/laravel/framework/src/Illuminate/Database/Query/Builder.php(3091): Illuminate/Database/Query/Builder->runSelect()
#17 C:/Users/USER/Desktop/SMASA/vendor/laravel/framework/src/Illuminate/Database/Query/Builder.php(3676): Illuminate/Database/Query/Builder->Illuminate/Database/Query/{closure}()
#18 C:/Users/USER/Desktop/SMASA/vendor/laravel/framework/src/Illuminate/Database/Query/Builder.php(3090): Illuminate/Database/Query/Builder->onceWithColumns(Array, Object(Closure))
#19 C:/Users/USER/Desktop/SMASA/vendor/laravel/framework/src/Illuminate/Database/Query/Builder.php(3603): Illuminate/Database/Query/Builder->get(Array)
#20 C:/Users/USER/Desktop/SMASA/vendor/laravel/framework/src/Illuminate/Database/Query/Builder.php(3531): Illuminate/Database/Query/Builder->aggregate('count', Array)
#21 C:/Users/USER/Desktop/SMASA/vendor/laravel/framework/src/Illuminate/Database/Eloquent/Builder.php(2120): Illuminate/Database/Query/Builder->count()
#22 C:/Users/USER/Desktop/SMASA/app/Services/NotificationService.php(234): Illuminate/Database/Eloquent/Builder->__call('count', Array)
#23 C:/Users/USER/Desktop/SMASA/app/Http/Controllers/NotificationController.php(209): App/Services/NotificationService::unreadCount('admin', 1)
#24 C:/Users/USER/Desktop/SMASA/vendor/laravel/framework/src/Illuminate/Routing/Controller.php(54): App/Http/Controllers/NotificationController->unreadCount()
#25 C:/Users/USER/Desktop/SMASA/vendor/laravel/framework/src/Illuminate/Routing/ControllerDispatcher.php(44): Illuminate/Routing/Controller->callAction('unreadCount', Array)
#26 C:/Users/USER/Desktop/SMASA/vendor/laravel/framework/src/Illuminate/Routing/Route.php(266): Illuminate/Routing/ControllerDispatcher->dispatch(Object(Illuminate/Routing/Route), Object(App/Http/Controllers/NotificationController), 'unreadCount')
#27 C:/Users/USER/Desktop/SMASA/vendor/laravel/framework/src/Illuminate/Routing/Route.php(212): Illuminate/Routing/Route->runController()
#28 C:/Users/USER/Desktop/SMASA/vendor/laravel/framework/src/Illuminate/Routing/Router.php(808): Illuminate/Routing/Route->run()
#29 C:/Users/USER/Desktop/SMASA/vendor/laravel/framework/src/Illuminate/Pipeline/Pipeline.php(170): Illuminate/Routing/Router->Illuminate/Routing/{closure}(Object(Illuminate/Http/Request))
#30 C:/Users/USER/Desktop/SMASA/app/Http/Middleware/AdminAuth.php(56): Illuminate/Pipeline/Pipeline->Illuminate/Pipeline/{closure}(Object(Illuminate/Http/Request))
#31 C:/Users/USER/Desktop/SMASA/vendor/laravel/framework/src/Illuminate/Pipeline/Pipeline.php(209): App/Http/Middleware/AdminAuth->handle(Object(Illuminate/Http/Request), Object(Closure))
#32 C:/Users/USER/Desktop/SMASA/vendor/mcamara/laravel-localization/src/Mcamara/LaravelLocalization/Middleware/LaravelLocalizationRedirectFilter.php(45): Illuminate/Pipeline/Pipeline->Illuminate/Pipeline/{closure}(Object(Illuminate/Http/Request))
#33 C:/Users/USER/Desktop/SMASA/vendor/laravel/framework/src/Illuminate/Pipeline/Pipeline.php(209): Mcamara/LaravelLocalization/Middleware/LaravelLocalizationRedirectFilter->handle(Object(Illuminate/Http/Request), Object(Closure))
#34 C:/Users/USER/Desktop/SMASA/vendor/mcamara/laravel-localization/src/Mcamara/LaravelLocalization/Middleware/LaravelLocalizationRoutes.php(30): Illuminate/Pipeline/Pipeline->Illuminate/Pipeline/{closure}(Object(Illuminate/Http/Request))
#35 C:/Users/USER/Desktop/SMASA/vendor/laravel/framework/src/Illuminate/Pipeline/Pipeline.php(209): Mcamara/LaravelLocalization/Middleware/LaravelLocalizationRoutes->handle(Object(Illuminate/Http/Request), Object(Closure))
#36 C:/Users/USER/Desktop/SMASA/vendor/laravel/framework/src/Illuminate/Routing/Middleware/SubstituteBindings.php(51): Illuminate/Pipeline/Pipeline->Illuminate/Pipeline/{closure}(Object(Illuminate/Http/Request))
#37 C:/Users/USER/Desktop/SMASA/vendor/laravel/framework/src/Illuminate/Pipeline/Pipeline.php(209): Illuminate/Routing/Middleware/SubstituteBindings->handle(Object(Illuminate/Http/Request), Object(Closure))
#38 C:/Users/USER/Desktop/SMASA/vendor/laravel/framework/src/Illuminate/Foundation/Http/Middleware/VerifyCsrfToken.php(88): Illuminate/Pipeline/Pipeline->Illuminate/Pipeline/{closure}(Object(Illuminate/Http/Request))
#39 C:/Users/USER/Desktop/SMASA/vendor/laravel/framework/src/Illuminate/Pipeline/Pipeline.php(209): Illuminate/Foundation/Http/Middleware/VerifyCsrfToken->handle(Object(Illuminate/Http/Request), Object(Closure))
#40 C:/Users/USER/Desktop/SMASA/vendor/laravel/framework/src/Illuminate/View/Middleware/ShareErrorsFromSession.php(49): Illuminate/Pipeline/Pipeline->Illuminate/Pipeline/{closure}(Object(Illuminate/Http/Request))
#41 C:/Users/USER/Desktop/SMASA/vendor/laravel/framework/src/Illuminate/Pipeline/Pipeline.php(209): Illuminate/View/Middleware/ShareErrorsFromSession->handle(Object(Illuminate/Http/Request), Object(Closure))
#42 C:/Users/USER/Desktop/SMASA/vendor/laravel/framework/src/Illuminate/Session/Middleware/StartSession.php(121): Illuminate/Pipeline/Pipeline->Illuminate/Pipeline/{closure}(Object(Illuminate/Http/Request))
#43 C:/Users/USER/Desktop/SMASA/vendor/laravel/framework/src/Illuminate/Session/Middleware/StartSession.php(64): Illuminate/Session/Middleware/StartSession->handleStatefulRequest(Object(Illuminate/Http/Request), Object(Illuminate/Session/Store), Object(Closure))
#44 C:/Users/USER/Desktop/SMASA/vendor/laravel/framework/src/Illuminate/Pipeline/Pipeline.php(209): Illuminate/Session/Middleware/StartSession->handle(Object(Illuminate/Http/Request), Object(Closure))
#45 C:/Users/USER/Desktop/SMASA/vendor/laravel/framework/src/Illuminate/Cookie/Middleware/AddQueuedCookiesToResponse.php(37): Illuminate/Pipeline/Pipeline->Illuminate/Pipeline/{closure}(Object(Illuminate/Http/Request))
#46 C:/Users/USER/Desktop/SMASA/vendor/laravel/framework/src/Illuminate/Pipeline/Pipeline.php(209): Illuminate/Cookie/Middleware/AddQueuedCookiesToResponse->handle(Object(Illuminate/Http/Request), Object(Closure))
#47 C:/Users/USER/Desktop/SMASA/vendor/laravel/framework/src/Illuminate/Cookie/Middleware/EncryptCookies.php(75): Illuminate/Pipeline/Pipeline->Illuminate/Pipeline/{closure}(Object(Illuminate/Http/Request))
#48 C:/Users/USER/Desktop/SMASA/vendor/laravel/framework/src/Illuminate/Pipeline/Pipeline.php(209): Illuminate/Cookie/Middleware/EncryptCookies->handle(Object(Illuminate/Http/Request), Object(Closure))
#49 C:/Users/USER/Desktop/SMASA/vendor/laravel/framework/src/Illuminate/Pipeline/Pipeline.php(127): Illuminate/Pipeline/Pipeline->Illuminate/Pipeline/{closure}(Object(Illuminate/Http/Request))
#50 C:/Users/USER/Desktop/SMASA/vendor/laravel/framework/src/Illuminate/Routing/Router.php(807): Illuminate/Pipeline/Pipeline->then(Object(Closure))
#51 C:/Users/USER/Desktop/SMASA/vendor/laravel/framework/src/Illuminate/Routing/Router.php(786): Illuminate/Routing/Router->runRouteWithinStack(Object(Illuminate/Routing/Route), Object(Illuminate/Http/Request))
#52 C:/Users/USER/Desktop/SMASA/vendor/laravel/framework/src/Illuminate/Routing/Router.php(750): Illuminate/Routing/Router->runRoute(Object(Illuminate/Http/Request), Object(Illuminate/Routing/Route))
#53 C:/Users/USER/Desktop/SMASA/vendor/laravel/framework/src/Illuminate/Routing/Router.php(739): Illuminate/Routing/Router->dispatchToRoute(Object(Illuminate/Http/Request))
#54 C:/Users/USER/Desktop/SMASA/vendor/laravel/framework/src/Illuminate/Foundation/Http/Kernel.php(201): Illuminate/Routing/Router->dispatch(Object(Illuminate/Http/Request))
#55 C:/Users/USER/Desktop/SMASA/vendor/laravel/framework/src/Illuminate/Pipeline/Pipeline.php(170): Illuminate/Foundation/Http/Kernel->Illuminate/Foundation/Http/{closure}(Object(Illuminate/Http/Request))
#56 C:/Users/USER/Desktop/SMASA/vendor/laravel/framework/src/Illuminate/Foundation/Http/Middleware/TransformsRequest.php(21): Illuminate/Pipeline/Pipeline->Illuminate/Pipeline/{closure}(Object(Illuminate/Http/Request))
#57 C:/Users/USER/Desktop/SMASA/vendor/laravel/framework/src/Illuminate/Foundation/Http/Middleware/ConvertEmptyStringsToNull.php(31): Illuminate/Foundation/Http/Middleware/TransformsRequest->handle(Object(Illuminate/Http/Request), Object(Closure))
#58 C:/Users/USER/Desktop/SMASA/vendor/laravel/framework/src/Illuminate/Pipeline/Pipeline.php(209): Illuminate/Foundation/Http/Middleware/ConvertEmptyStringsToNull->handle(Object(Illuminate/Http/Request), Object(Closure))
#59 C:/Users/USER/Desktop/SMASA/vendor/laravel/framework/src/Illuminate/Foundation/Http/Middleware/TransformsRequest.php(21): Illuminate/Pipeline/Pipeline->Illuminate/Pipeline/{closure}(Object(Illuminate/Http/Request))
#60 C:/Users/USER/Desktop/SMASA/vendor/laravel/framework/src/Illuminate/Foundation/Http/Middleware/TrimStrings.php(51): Illuminate/Foundation/Http/Middleware/TransformsRequest->handle(Object(Illuminate/Http/Request), Object(Closure))
#61 C:/Users/USER/Desktop/SMASA/vendor/laravel/framework/src/Illuminate/Pipeline/Pipeline.php(209): Illuminate/Foundation/Http/Middleware/TrimStrings->handle(Object(Illuminate/Http/Request), Object(Closure))
#62 C:/Users/USER/Desktop/SMASA/vendor/laravel/framework/src/Illuminate/Http/Middleware/ValidatePostSize.php(27): Illuminate/Pipeline/Pipeline->Illuminate/Pipeline/{closure}(Object(Illuminate/Http/Request))
#63 C:/Users/USER/Desktop/SMASA/vendor/laravel/framework/src/Illuminate/Pipeline/Pipeline.php(209): Illuminate/Http/Middleware/ValidatePostSize->handle(Object(Illuminate/Http/Request), Object(Closure))
#64 C:/Users/USER/Desktop/SMASA/vendor/laravel/framework/src/Illuminate/Foundation/Http/Middleware/PreventRequestsDuringMaintenance.php(110): Illuminate/Pipeline/Pipeline->Illuminate/Pipeline/{closure}(Object(Illuminate/Http/Request))
#65 C:/Users/USER/Desktop/SMASA/vendor/laravel/framework/src/Illuminate/Pipeline/Pipeline.php(209): Illuminate/Foundation/Http/Middleware/PreventRequestsDuringMaintenance->handle(Object(Illuminate/Http/Request), Object(Closure))
#66 C:/Users/USER/Desktop/SMASA/vendor/laravel/framework/src/Illuminate/Http/Middleware/HandleCors.php(49): Illuminate/Pipeline/Pipeline->Illuminate/Pipeline/{closure}(Object(Illuminate/Http/Request))
#67 C:/Users/USER/Desktop/SMASA/vendor/laravel/framework/src/Illuminate/Pipeline/Pipeline.php(209): Illuminate/Http/Middleware/HandleCors->handle(Object(Illuminate/Http/Request), Object(Closure))
#68 C:/Users/USER/Desktop/SMASA/vendor/laravel/framework/src/Illuminate/Http/Middleware/TrustProxies.php(58): Illuminate/Pipeline/Pipeline->Illuminate/Pipeline/{closure}(Object(Illuminate/Http/Request))
#69 C:/Users/USER/Desktop/SMASA/vendor/laravel/framework/src/Illuminate/Pipeline/Pipeline.php(209): Illuminate/Http/Middleware/TrustProxies->handle(Object(Illuminate/Http/Request), Object(Closure))
#70 C:/Users/USER/Desktop/SMASA/vendor/laravel/framework/src/Illuminate/Pipeline/Pipeline.php(127): Illuminate/Pipeline/Pipeline->Illuminate/Pipeline/{closure}(Object(Illuminate/Http/Request))
#71 C:/Users/USER/Desktop/SMASA/vendor/laravel/framework/src/Illuminate/Foundation/Http/Kernel.php(176): Illuminate/Pipeline/Pipeline->then(Object(Closure))
#72 C:/Users/USER/Desktop/SMASA/vendor/laravel/framework/src/Illuminate/Foundation/Http/Kernel.php(145): Illuminate/Foundation/Http/Kernel->sendRequestThroughRouter(Object(Illuminate/Http/Request))
#73 C:/Users/USER/Desktop/SMASA/public/index.php(58): Illuminate/Foundation/Http/Kernel->handle(Object(Illuminate/Http/Request))
#74 C:/Users/USER/Desktop/SMASA/server.php(25): require_once('C://Users//USER//D...')
#75 {main}
"} 
[2026-08-01 16:50:57] local.ERROR: SQLSTATE[HY000] [2002] No connection could be made because the target machine actively refused it (Connection: mysql, SQL: select * from `teacher_school_roles` where `teacher_id` = 47 and `school_id` = 202 limit 1) {"exception":"[object] (Illuminate\\Database\\QueryException(code: 2002): SQLSTATE[HY000] [2002] No connection could be made because the target machine actively refused it (Connection: mysql, SQL: select * from `teacher_school_roles` where `teacher_id` = 47 and `school_id` = 202 limit 1) at C:/Users/USER/Desktop/SMASA/vendor/laravel/framework/src/Illuminate/Database/Connection.php:825)
[stacktrace]
#0 C:/Users/USER/Desktop/SMASA/vendor/laravel/framework/src/Illuminate/Database/Connection.php(979): Illuminate/Database/Connection->runQueryCallback('select * from `...', Array, Object(Closure))
#1 C:/Users/USER/Desktop/SMASA/vendor/laravel/framework/src/Illuminate/Database/Connection.php(958): Illuminate/Database/Connection->tryAgainIfCausedByLostConnection(Object(Illuminate/Database/QueryException), 'select * from `...', Array, Object(Closure))
#2 C:/Users/USER/Desktop/SMASA/vendor/laravel/framework/src/Illuminate/Database/Connection.php(781): Illuminate/Database/Connection->handleQueryException(Object(Illuminate/Database/QueryException), 'select * from `...', Array, Object(Closure))
#3 C:/Users/USER/Desktop/SMASA/vendor/laravel/framework/src/Illuminate/Database/Connection.php(398): Illuminate/Database/Connection->run('select * from `...', Array, Object(Closure))
#4 C:/Users/USER/Desktop/SMASA/vendor/laravel/framework/src/Illuminate/Database/Query/Builder.php(3106): Illuminate/Database/Connection->select('select * from `...', Array, true)
#5 C:/Users/USER/Desktop/SMASA/vendor/laravel/framework/src/Illuminate/Database/Query/Builder.php(3091): Illuminate/Database/Query/Builder->runSelect()
#6 C:/Users/USER/Desktop/SMASA/vendor/laravel/framework/src/Illuminate/Database/Query/Builder.php(3676): Illuminate/Database/Query/Builder->Illuminate/Database/Query/{closure}()
#7 C:/Users/USER/Desktop/SMASA/vendor/laravel/framework/src/Illuminate/Database/Query/Builder.php(3090): Illuminate/Database/Query/Builder->onceWithColumns(Array, Object(Closure))
#8 C:/Users/USER/Desktop/SMASA/vendor/laravel/framework/src/Illuminate/Database/Eloquent/Builder.php(811): Illuminate/Database/Query/Builder->get(Array)
#9 C:/Users/USER/Desktop/SMASA/vendor/laravel/framework/src/Illuminate/Database/Eloquent/Builder.php(793): Illuminate/Database/Eloquent/Builder->getModels(Array)
#10 C:/Users/USER/Desktop/SMASA/vendor/laravel/framework/src/Illuminate/Database/Concerns/BuildsQueries.php(343): Illuminate/Database/Eloquent/Builder->get(Array)
#11 C:/Users/USER/Desktop/SMASA/app/Helpers/PermissionHelper.php(80): Illuminate/Database/Eloquent/Builder->first()
#12 C:/Users/USER/Desktop/SMASA/vendor/laravel/framework/src/Illuminate/Cache/Repository.php(427): App/Helpers/PermissionHelper::App/Helpers/{closure}()
#13 C:/Users/USER/Desktop/SMASA/vendor/laravel/framework/src/Illuminate/Cache/CacheManager.php(453): Illuminate/Cache/Repository->remember('teacher_role_47...', 300, Object(Closure))
#14 C:/Users/USER/Desktop/SMASA/vendor/laravel/framework/src/Illuminate/Support/Facades/Facade.php(361): Illuminate/Cache/CacheManager->__call('remember', Array)
#15 C:/Users/USER/Desktop/SMASA/app/Helpers/PermissionHelper.php(76): Illuminate/Support/Facades/Facade::__callStatic('remember', Array)
#16 C:/Users/USER/Desktop/SMASA/app/Helpers/PermissionHelper.php(142): App/Helpers/PermissionHelper::getCurrentSchoolRole()
#17 C:/Users/USER/Desktop/SMASA/app/Http/Controllers/NotificationController.php(204): App/Helpers/PermissionHelper::canFeature('view_my_notific...')
#18 C:/Users/USER/Desktop/SMASA/vendor/laravel/framework/src/Illuminate/Routing/Controller.php(54): App/Http/Controllers/NotificationController->unreadCount()
#19 C:/Users/USER/Desktop/SMASA/vendor/laravel/framework/src/Illuminate/Routing/ControllerDispatcher.php(44): Illuminate/Routing/Controller->callAction('unreadCount', Array)
#20 C:/Users/USER/Desktop/SMASA/vendor/laravel/framework/src/Illuminate/Routing/Route.php(266): Illuminate/Routing/ControllerDispatcher->dispatch(Object(Illuminate/Routing/Route), Object(App/Http/Controllers/NotificationController), 'unreadCount')
#21 C:/Users/USER/Desktop/SMASA/vendor/laravel/framework/src/Illuminate/Routing/Route.php(212): Illuminate/Routing/Route->runController()
#22 C:/Users/USER/Desktop/SMASA/vendor/laravel/framework/src/Illuminate/Routing/Router.php(808): Illuminate/Routing/Route->run()
#23 C:/Users/USER/Desktop/SMASA/vendor/laravel/framework/src/Illuminate/Pipeline/Pipeline.php(170): Illuminate/Routing/Router->Illuminate/Routing/{closure}(Object(Illuminate/Http/Request))
#24 C:/Users/USER/Desktop/SMASA/app/Http/Middleware/AdminAuth.php(56): Illuminate/Pipeline/Pipeline->Illuminate/Pipeline/{closure}(Object(Illuminate/Http/Request))
#25 C:/Users/USER/Desktop/SMASA/vendor/laravel/framework/src/Illuminate/Pipeline/Pipeline.php(209): App/Http/Middleware/AdminAuth->handle(Object(Illuminate/Http/Request), Object(Closure))
#26 C:/Users/USER/Desktop/SMASA/vendor/mcamara/laravel-localization/src/Mcamara/LaravelLocalization/Middleware/LaravelLocalizationRedirectFilter.php(45): Illuminate/Pipeline/Pipeline->Illuminate/Pipeline/{closure}(Object(Illuminate/Http/Request))
#27 C:/Users/USER/Desktop/SMASA/vendor/laravel/framework/src/Illuminate/Pipeline/Pipeline.php(209): Mcamara/LaravelLocalization/Middleware/LaravelLocalizationRedirectFilter->handle(Object(Illuminate/Http/Request), Object(Closure))
#28 C:/Users/USER/Desktop/SMASA/vendor/mcamara/laravel-localization/src/Mcamara/LaravelLocalization/Middleware/LaravelLocalizationRoutes.php(30): Illuminate/Pipeline/Pipeline->Illuminate/Pipeline/{closure}(Object(Illuminate/Http/Request))
#29 C:/Users/USER/Desktop/SMASA/vendor/laravel/framework/src/Illuminate/Pipeline/Pipeline.php(209): Mcamara/LaravelLocalization/Middleware/LaravelLocalizationRoutes->handle(Object(Illuminate/Http/Request), Object(Closure))
#30 C:/Users/USER/Desktop/SMASA/vendor/laravel/framework/src/Illuminate/Routing/Middleware/SubstituteBindings.php(51): Illuminate/Pipeline/Pipeline->Illuminate/Pipeline/{closure}(Object(Illuminate/Http/Request))
#31 C:/Users/USER/Desktop/SMASA/vendor/laravel/framework/src/Illuminate/Pipeline/Pipeline.php(209): Illuminate/Routing/Middleware/SubstituteBindings->handle(Object(Illuminate/Http/Request), Object(Closure))
#32 C:/Users/USER/Desktop/SMASA/vendor/laravel/framework/src/Illuminate/Foundation/Http/Middleware/VerifyCsrfToken.php(88): Illuminate/Pipeline/Pipeline->Illuminate/Pipeline/{closure}(Object(Illuminate/Http/Request))
#33 C:/Users/USER/Desktop/SMASA/vendor/laravel/framework/src/Illuminate/Pipeline/Pipeline.php(209): Illuminate/Foundation/Http/Middleware/VerifyCsrfToken->handle(Object(Illuminate/Http/Request), Object(Closure))
#34 C:/Users/USER/Desktop/SMASA/vendor/laravel/framework/src/Illuminate/View/Middleware/ShareErrorsFromSession.php(49): Illuminate/Pipeline/Pipeline->Illuminate/Pipeline/{closure}(Object(Illuminate/Http/Request))
#35 C:/Users/USER/Desktop/SMASA/vendor/laravel/framework/src/Illuminate/Pipeline/Pipeline.php(209): Illuminate/View/Middleware/ShareErrorsFromSession->handle(Object(Illuminate/Http/Request), Object(Closure))
#36 C:/Users/USER/Desktop/SMASA/vendor/laravel/framework/src/Illuminate/Session/Middleware/StartSession.php(121): Illuminate/Pipeline/Pipeline->Illuminate/Pipeline/{closure}(Object(Illuminate/Http/Request))
#37 C:/Users/USER/Desktop/SMASA/vendor/laravel/framework/src/Illuminate/Session/Middleware/StartSession.php(64): Illuminate/Session/Middleware/StartSession->handleStatefulRequest(Object(Illuminate/Http/Request), Object(Illuminate/Session/Store), Object(Closure))
#38 C:/Users/USER/Desktop/SMASA/vendor/laravel/framework/src/Illuminate/Pipeline/Pipeline.php(209): Illuminate/Session/Middleware/StartSession->handle(Object(Illuminate/Http/Request), Object(Closure))
#39 C:/Users/USER/Desktop/SMASA/vendor/laravel/framework/src/Illuminate/Cookie/Middleware/AddQueuedCookiesToResponse.php(37): Illuminate/Pipeline/Pipeline->Illuminate/Pipeline/{closure}(Object(Illuminate/Http/Request))
#40 C:/Users/USER/Desktop/SMASA/vendor/laravel/framework/src/Illuminate/Pipeline/Pipeline.php(209): Illuminate/Cookie/Middleware/AddQueuedCookiesToResponse->handle(Object(Illuminate/Http/Request), Object(Closure))
#41 C:/Users/USER/Desktop/SMASA/vendor/laravel/framework/src/Illuminate/Cookie/Middleware/EncryptCookies.php(75): Illuminate/Pipeline/Pipeline->Illuminate/Pipeline/{closure}(Object(Illuminate/Http/Request))
#42 C:/Users/USER/Desktop/SMASA/vendor/laravel/framework/src/Illuminate/Pipeline/Pipeline.php(209): Illuminate/Cookie/Middleware/EncryptCookies->handle(Object(Illuminate/Http/Request), Object(Closure))
#43 C:/Users/USER/Desktop/SMASA/vendor/laravel/framework/src/Illuminate/Pipeline/Pipeline.php(127): Illuminate/Pipeline/Pipeline->Illuminate/Pipeline/{closure}(Object(Illuminate/Http/Request))
#44 C:/Users/USER/Desktop/SMASA/vendor/laravel/framework/src/Illuminate/Routing/Router.php(807): Illuminate/Pipeline/Pipeline->then(Object(Closure))
#45 C:/Users/USER/Desktop/SMASA/vendor/laravel/framework/src/Illuminate/Routing/Router.php(786): Illuminate/Routing/Router->runRouteWithinStack(Object(Illuminate/Routing/Route), Object(Illuminate/Http/Request))
#46 C:/Users/USER/Desktop/SMASA/vendor/laravel/framework/src/Illuminate/Routing/Router.php(750): Illuminate/Routing/Router->runRoute(Object(Illuminate/Http/Request), Object(Illuminate/Routing/Route))
#47 C:/Users/USER/Desktop/SMASA/vendor/laravel/framework/src/Illuminate/Routing/Router.php(739): Illuminate/Routing/Router->dispatchToRoute(Object(Illuminate/Http/Request))
#48 C:/Users/USER/Desktop/SMASA/vendor/laravel/framework/src/Illuminate/Foundation/Http/Kernel.php(201): Illuminate/Routing/Router->dispatch(Object(Illuminate/Http/Request))
#49 C:/Users/USER/Desktop/SMASA/vendor/laravel/framework/src/Illuminate/Pipeline/Pipeline.php(170): Illuminate/Foundation/Http/Kernel->Illuminate/Foundation/Http/{closure}(Object(Illuminate/Http/Request))
#50 C:/Users/USER/Desktop/SMASA/vendor/laravel/framework/src/Illuminate/Foundation/Http/Middleware/TransformsRequest.php(21): Illuminate/Pipeline/Pipeline->Illuminate/Pipeline/{closure}(Object(Illuminate/Http/Request))
#51 C:/Users/USER/Desktop/SMASA/vendor/laravel/framework/src/Illuminate/Foundation/Http/Middleware/ConvertEmptyStringsToNull.php(31): Illuminate/Foundation/Http/Middleware/TransformsRequest->handle(Object(Illuminate/Http/Request), Object(Closure))
#52 C:/Users/USER/Desktop/SMASA/vendor/laravel/framework/src/Illuminate/Pipeline/Pipeline.php(209): Illuminate/Foundation/Http/Middleware/ConvertEmptyStringsToNull->handle(Object(Illuminate/Http/Request), Object(Closure))
#53 C:/Users/USER/Desktop/SMASA/vendor/laravel/framework/src/Illuminate/Foundation/Http/Middleware/TransformsRequest.php(21): Illuminate/Pipeline/Pipeline->Illuminate/Pipeline/{closure}(Object(Illuminate/Http/Request))
#54 C:/Users/USER/Desktop/SMASA/vendor/laravel/framework/src/Illuminate/Foundation/Http/Middleware/TrimStrings.php(51): Illuminate/Foundation/Http/Middleware/TransformsRequest->handle(Object(Illuminate/Http/Request), Object(Closure))
#55 C:/Users/USER/Desktop/SMASA/vendor/laravel/framework/src/Illuminate/Pipeline/Pipeline.php(209): Illuminate/Foundation/Http/Middleware/TrimStrings->handle(Object(Illuminate/Http/Request), Object(Closure))
#56 C:/Users/USER/Desktop/SMASA/vendor/laravel/framework/src/Illuminate/Http/Middleware/ValidatePostSize.php(27): Illuminate/Pipeline/Pipeline->Illuminate/Pipeline/{closure}(Object(Illuminate/Http/Request))
#57 C:/Users/USER/Desktop/SMASA/vendor/laravel/framework/src/Illuminate/Pipeline/Pipeline.php(209): Illuminate/Http/Middleware/ValidatePostSize->handle(Object(Illuminate/Http/Request), Object(Closure))
#58 C:/Users/USER/Desktop/SMASA/vendor/laravel/framework/src/Illuminate/Foundation/Http/Middleware/PreventRequestsDuringMaintenance.php(110): Illuminate/Pipeline/Pipeline->Illuminate/Pipeline/{closure}(Object(Illuminate/Http/Request))
#59 C:/Users/USER/Desktop/SMASA/vendor/laravel/framework/src/Illuminate/Pipeline/Pipeline.php(209): Illuminate/Foundation/Http/Middleware/PreventRequestsDuringMaintenance->handle(Object(Illuminate/Http/Request), Object(Closure))
#60 C:/Users/USER/Desktop/SMASA/vendor/laravel/framework/src/Illuminate/Http/Middleware/HandleCors.php(49): Illuminate/Pipeline/Pipeline->Illuminate/Pipeline/{closure}(Object(Illuminate/Http/Request))
#61 C:/Users/USER/Desktop/SMASA/vendor/laravel/framework/src/Illuminate/Pipeline/Pipeline.php(209): Illuminate/Http/Middleware/HandleCors->handle(Object(Illuminate/Http/Request), Object(Closure))
#62 C:/Users/USER/Desktop/SMASA/vendor/laravel/framework/src/Illuminate/Http/Middleware/TrustProxies.php(58): Illuminate/Pipeline/Pipeline->Illuminate/Pipeline/{closure}(Object(Illuminate/Http/Request))
#63 C:/Users/USER/Desktop/SMASA/vendor/laravel/framework/src/Illuminate/Pipeline/Pipeline.php(209): Illuminate/Http/Middleware/TrustProxies->handle(Object(Illuminate/Http/Request), Object(Closure))
#64 C:/Users/USER/Desktop/SMASA/vendor/laravel/framework/src/Illuminate/Pipeline/Pipeline.php(127): Illuminate/Pipeline/Pipeline->Illuminate/Pipeline/{closure}(Object(Illuminate/Http/Request))
#65 C:/Users/USER/Desktop/SMASA/vendor/laravel/framework/src/Illuminate/Foundation/Http/Kernel.php(176): Illuminate/Pipeline/Pipeline->then(Object(Closure))
#66 C:/Users/USER/Desktop/SMASA/vendor/laravel/framework/src/Illuminate/Foundation/Http/Kernel.php(145): Illuminate/Foundation/Http/Kernel->sendRequestThroughRouter(Object(Illuminate/Http/Request))
#67 C:/Users/USER/Desktop/SMASA/public/index.php(58): Illuminate/Foundation/Http/Kernel->handle(Object(Illuminate/Http/Request))
#68 C:/Users/USER/Desktop/SMASA/server.php(25): require_once('C://Users//USER//D...')
#69 {main}

[previous exception] [object] (PDOException(code: 2002): SQLSTATE[HY000] [2002] No connection could be made because the target machine actively refused it at C:/Users/USER/Desktop/SMASA/vendor/laravel/framework/src/Illuminate/Database/Connectors/Connector.php:66)
[stacktrace]
#0 C:/Users/USER/Desktop/SMASA/vendor/laravel/framework/src/Illuminate/Database/Connectors/Connector.php(66): PDO->__construct('mysql:host=127....', 'root', Object(SensitiveParameterValue), Array)
#1 C:/Users/USER/Desktop/SMASA/vendor/laravel/framework/src/Illuminate/Database/Connectors/Connector.php(85): Illuminate/Database/Connectors/Connector->createPdoConnection('mysql:host=127....', 'root', Object(SensitiveParameterValue), Array)
#2 C:/Users/USER/Desktop/SMASA/vendor/laravel/framework/src/Illuminate/Database/Connectors/Connector.php(48): Illuminate/Database/Connectors/Connector->tryAgainIfCausedByLostConnection(Object(PDOException), 'mysql:host=127....', 'root', Object(SensitiveParameterValue), Array)
#3 C:/Users/USER/Desktop/SMASA/vendor/laravel/framework/src/Illuminate/Database/Connectors/MySqlConnector.php(24): Illuminate/Database/Connectors/Connector->createConnection('mysql:host=127....', Array, Array)
#4 C:/Users/USER/Desktop/SMASA/vendor/laravel/framework/src/Illuminate/Database/Connectors/ConnectionFactory.php(185): Illuminate/Database/Connectors/MySqlConnector->connect(Array)
#5 [internal function]: Illuminate/Database/Connectors/ConnectionFactory->Illuminate/Database/Connectors/{closure}()
#6 C:/Users/USER/Desktop/SMASA/vendor/laravel/framework/src/Illuminate/Database/Connection.php(1231): call_user_func(Object(Closure))
#7 C:/Users/USER/Desktop/SMASA/vendor/laravel/framework/src/Illuminate/Database/Connection.php(1267): Illuminate/Database/Connection->getPdo()
#8 C:/Users/USER/Desktop/SMASA/vendor/laravel/framework/src/Illuminate/Database/Connection.php(512): Illuminate/Database/Connection->getReadPdo()
#9 C:/Users/USER/Desktop/SMASA/vendor/laravel/framework/src/Illuminate/Database/Connection.php(407): Illuminate/Database/Connection->getPdoForSelect(true)
#10 C:/Users/USER/Desktop/SMASA/vendor/laravel/framework/src/Illuminate/Database/Connection.php(812): Illuminate/Database/Connection->Illuminate/Database/{closure}('select * from `...', Array)
#11 C:/Users/USER/Desktop/SMASA/vendor/laravel/framework/src/Illuminate/Database/Connection.php(979): Illuminate/Database/Connection->runQueryCallback('select * from `...', Array, Object(Closure))
#12 C:/Users/USER/Desktop/SMASA/vendor/laravel/framework/src/Illuminate/Database/Connection.php(958): Illuminate/Database/Connection->tryAgainIfCausedByLostConnection(Object(Illuminate/Database/QueryException), 'select * from `...', Array, Object(Closure))
#13 C:/Users/USER/Desktop/SMASA/vendor/laravel/framework/src/Illuminate/Database/Connection.php(781): Illuminate/Database/Connection->handleQueryException(Object(Illuminate/Database/QueryException), 'select * from `...', Array, Object(Closure))
#14 C:/Users/USER/Desktop/SMASA/vendor/laravel/framework/src/Illuminate/Database/Connection.php(398): Illuminate/Database/Connection->run('select * from `...', Array, Object(Closure))
#15 C:/Users/USER/Desktop/SMASA/vendor/laravel/framework/src/Illuminate/Database/Query/Builder.php(3106): Illuminate/Database/Connection->select('select * from `...', Array, true)
#16 C:/Users/USER/Desktop/SMASA/vendor/laravel/framework/src/Illuminate/Database/Query/Builder.php(3091): Illuminate/Database/Query/Builder->runSelect()
#17 C:/Users/USER/Desktop/SMASA/vendor/laravel/framework/src/Illuminate/Database/Query/Builder.php(3676): Illuminate/Database/Query/Builder->Illuminate/Database/Query/{closure}()
#18 C:/Users/USER/Desktop/SMASA/vendor/laravel/framework/src/Illuminate/Database/Query/Builder.php(3090): Illuminate/Database/Query/Builder->onceWithColumns(Array, Object(Closure))
#19 C:/Users/USER/Desktop/SMASA/vendor/laravel/framework/src/Illuminate/Database/Eloquent/Builder.php(811): Illuminate/Database/Query/Builder->get(Array)
#20 C:/Users/USER/Desktop/SMASA/vendor/laravel/framework/src/Illuminate/Database/Eloquent/Builder.php(793): Illuminate/Database/Eloquent/Builder->getModels(Array)
#21 C:/Users/USER/Desktop/SMASA/vendor/laravel/framework/src/Illuminate/Database/Concerns/BuildsQueries.php(343): Illuminate/Database/Eloquent/Builder->get(Array)
#22 C:/Users/USER/Desktop/SMASA/app/Helpers/PermissionHelper.php(80): Illuminate/Database/Eloquent/Builder->first()
#23 C:/Users/USER/Desktop/SMASA/vendor/laravel/framework/src/Illuminate/Cache/Repository.php(427): App/Helpers/PermissionHelper::App/Helpers/{closure}()
#24 C:/Users/USER/Desktop/SMASA/vendor/laravel/framework/src/Illuminate/Cache/CacheManager.php(453): Illuminate/Cache/Repository->remember('teacher_role_47...', 300, Object(Closure))
#25 C:/Users/USER/Desktop/SMASA/vendor/laravel/framework/src/Illuminate/Support/Facades/Facade.php(361): Illuminate/Cache/CacheManager->__call('remember', Array)
#26 C:/Users/USER/Desktop/SMASA/app/Helpers/PermissionHelper.php(76): Illuminate/Support/Facades/Facade::__callStatic('remember', Array)
#27 C:/Users/USER/Desktop/SMASA/app/Helpers/PermissionHelper.php(142): App/Helpers/PermissionHelper::getCurrentSchoolRole()
#28 C:/Users/USER/Desktop/SMASA/app/Http/Controllers/NotificationController.php(204): App/Helpers/PermissionHelper::canFeature('view_my_notific...')
#29 C:/Users/USER/Desktop/SMASA/vendor/laravel/framework/src/Illuminate/Routing/Controller.php(54): App/Http/Controllers/NotificationController->unreadCount()
#30 C:/Users/USER/Desktop/SMASA/vendor/laravel/framework/src/Illuminate/Routing/ControllerDispatcher.php(44): Illuminate/Routing/Controller->callAction('unreadCount', Array)
#31 C:/Users/USER/Desktop/SMASA/vendor/laravel/framework/src/Illuminate/Routing/Route.php(266): Illuminate/Routing/ControllerDispatcher->dispatch(Object(Illuminate/Routing/Route), Object(App/Http/Controllers/NotificationController), 'unreadCount')
#32 C:/Users/USER/Desktop/SMASA/vendor/laravel/framework/src/Illuminate/Routing/Route.php(212): Illuminate/Routing/Route->runController()
#33 C:/Users/USER/Desktop/SMASA/vendor/laravel/framework/src/Illuminate/Routing/Router.php(808): Illuminate/Routing/Route->run()
#34 C:/Users/USER/Desktop/SMASA/vendor/laravel/framework/src/Illuminate/Pipeline/Pipeline.php(170): Illuminate/Routing/Router->Illuminate/Routing/{closure}(Object(Illuminate/Http/Request))
#35 C:/Users/USER/Desktop/SMASA/app/Http/Middleware/AdminAuth.php(56): Illuminate/Pipeline/Pipeline->Illuminate/Pipeline/{closure}(Object(Illuminate/Http/Request))
#36 C:/Users/USER/Desktop/SMASA/vendor/laravel/framework/src/Illuminate/Pipeline/Pipeline.php(209): App/Http/Middleware/AdminAuth->handle(Object(Illuminate/Http/Request), Object(Closure))
#37 C:/Users/USER/Desktop/SMASA/vendor/mcamara/laravel-localization/src/Mcamara/LaravelLocalization/Middleware/LaravelLocalizationRedirectFilter.php(45): Illuminate/Pipeline/Pipeline->Illuminate/Pipeline/{closure}(Object(Illuminate/Http/Request))
#38 C:/Users/USER/Desktop/SMASA/vendor/laravel/framework/src/Illuminate/Pipeline/Pipeline.php(209): Mcamara/LaravelLocalization/Middleware/LaravelLocalizationRedirectFilter->handle(Object(Illuminate/Http/Request), Object(Closure))
#39 C:/Users/USER/Desktop/SMASA/vendor/mcamara/laravel-localization/src/Mcamara/LaravelLocalization/Middleware/LaravelLocalizationRoutes.php(30): Illuminate/Pipeline/Pipeline->Illuminate/Pipeline/{closure}(Object(Illuminate/Http/Request))
#40 C:/Users/USER/Desktop/SMASA/vendor/laravel/framework/src/Illuminate/Pipeline/Pipeline.php(209): Mcamara/LaravelLocalization/Middleware/LaravelLocalizationRoutes->handle(Object(Illuminate/Http/Request), Object(Closure))
#41 C:/Users/USER/Desktop/SMASA/vendor/laravel/framework/src/Illuminate/Routing/Middleware/SubstituteBindings.php(51): Illuminate/Pipeline/Pipeline->Illuminate/Pipeline/{closure}(Object(Illuminate/Http/Request))
#42 C:/Users/USER/Desktop/SMASA/vendor/laravel/framework/src/Illuminate/Pipeline/Pipeline.php(209): Illuminate/Routing/Middleware/SubstituteBindings->handle(Object(Illuminate/Http/Request), Object(Closure))
#43 C:/Users/USER/Desktop/SMASA/vendor/laravel/framework/src/Illuminate/Foundation/Http/Middleware/VerifyCsrfToken.php(88): Illuminate/Pipeline/Pipeline->Illuminate/Pipeline/{closure}(Object(Illuminate/Http/Request))
#44 C:/Users/USER/Desktop/SMASA/vendor/laravel/framework/src/Illuminate/Pipeline/Pipeline.php(209): Illuminate/Foundation/Http/Middleware/VerifyCsrfToken->handle(Object(Illuminate/Http/Request), Object(Closure))
#45 C:/Users/USER/Desktop/SMASA/vendor/laravel/framework/src/Illuminate/View/Middleware/ShareErrorsFromSession.php(49): Illuminate/Pipeline/Pipeline->Illuminate/Pipeline/{closure}(Object(Illuminate/Http/Request))
#46 C:/Users/USER/Desktop/SMASA/vendor/laravel/framework/src/Illuminate/Pipeline/Pipeline.php(209): Illuminate/View/Middleware/ShareErrorsFromSession->handle(Object(Illuminate/Http/Request), Object(Closure))
#47 C:/Users/USER/Desktop/SMASA/vendor/laravel/framework/src/Illuminate/Session/Middleware/StartSession.php(121): Illuminate/Pipeline/Pipeline->Illuminate/Pipeline/{closure}(Object(Illuminate/Http/Request))
#48 C:/Users/USER/Desktop/SMASA/vendor/laravel/framework/src/Illuminate/Session/Middleware/StartSession.php(64): Illuminate/Session/Middleware/StartSession->handleStatefulRequest(Object(Illuminate/Http/Request), Object(Illuminate/Session/Store), Object(Closure))
#49 C:/Users/USER/Desktop/SMASA/vendor/laravel/framework/src/Illuminate/Pipeline/Pipeline.php(209): Illuminate/Session/Middleware/StartSession->handle(Object(Illuminate/Http/Request), Object(Closure))
#50 C:/Users/USER/Desktop/SMASA/vendor/laravel/framework/src/Illuminate/Cookie/Middleware/AddQueuedCookiesToResponse.php(37): Illuminate/Pipeline/Pipeline->Illuminate/Pipeline/{closure}(Object(Illuminate/Http/Request))
#51 C:/Users/USER/Desktop/SMASA/vendor/laravel/framework/src/Illuminate/Pipeline/Pipeline.php(209): Illuminate/Cookie/Middleware/AddQueuedCookiesToResponse->handle(Object(Illuminate/Http/Request), Object(Closure))
#52 C:/Users/USER/Desktop/SMASA/vendor/laravel/framework/src/Illuminate/Cookie/Middleware/EncryptCookies.php(75): Illuminate/Pipeline/Pipeline->Illuminate/Pipeline/{closure}(Object(Illuminate/Http/Request))
#53 C:/Users/USER/Desktop/SMASA/vendor/laravel/framework/src/Illuminate/Pipeline/Pipeline.php(209): Illuminate/Cookie/Middleware/EncryptCookies->handle(Object(Illuminate/Http/Request), Object(Closure))
#54 C:/Users/USER/Desktop/SMASA/vendor/laravel/framework/src/Illuminate/Pipeline/Pipeline.php(127): Illuminate/Pipeline/Pipeline->Illuminate/Pipeline/{closure}(Object(Illuminate/Http/Request))
#55 C:/Users/USER/Desktop/SMASA/vendor/laravel/framework/src/Illuminate/Routing/Router.php(807): Illuminate/Pipeline/Pipeline->then(Object(Closure))
#56 C:/Users/USER/Desktop/SMASA/vendor/laravel/framework/src/Illuminate/Routing/Router.php(786): Illuminate/Routing/Router->runRouteWithinStack(Object(Illuminate/Routing/Route), Object(Illuminate/Http/Request))
#57 C:/Users/USER/Desktop/SMASA/vendor/laravel/framework/src/Illuminate/Routing/Router.php(750): Illuminate/Routing/Router->runRoute(Object(Illuminate/Http/Request), Object(Illuminate/Routing/Route))
#58 C:/Users/USER/Desktop/SMASA/vendor/laravel/framework/src/Illuminate/Routing/Router.php(739): Illuminate/Routing/Router->dispatchToRoute(Object(Illuminate/Http/Request))
#59 C:/Users/USER/Desktop/SMASA/vendor/laravel/framework/src/Illuminate/Foundation/Http/Kernel.php(201): Illuminate/Routing/Router->dispatch(Object(Illuminate/Http/Request))
#60 C:/Users/USER/Desktop/SMASA/vendor/laravel/framework/src/Illuminate/Pipeline/Pipeline.php(170): Illuminate/Foundation/Http/Kernel->Illuminate/Foundation/Http/{closure}(Object(Illuminate/Http/Request))
#61 C:/Users/USER/Desktop/SMASA/vendor/laravel/framework/src/Illuminate/Foundation/Http/Middleware/TransformsRequest.php(21): Illuminate/Pipeline/Pipeline->Illuminate/Pipeline/{closure}(Object(Illuminate/Http/Request))
#62 C:/Users/USER/Desktop/SMASA/vendor/laravel/framework/src/Illuminate/Foundation/Http/Middleware/ConvertEmptyStringsToNull.php(31): Illuminate/Foundation/Http/Middleware/TransformsRequest->handle(Object(Illuminate/Http/Request), Object(Closure))
#63 C:/Users/USER/Desktop/SMASA/vendor/laravel/framework/src/Illuminate/Pipeline/Pipeline.php(209): Illuminate/Foundation/Http/Middleware/ConvertEmptyStringsToNull->handle(Object(Illuminate/Http/Request), Object(Closure))
#64 C:/Users/USER/Desktop/SMASA/vendor/laravel/framework/src/Illuminate/Foundation/Http/Middleware/TransformsRequest.php(21): Illuminate/Pipeline/Pipeline->Illuminate/Pipeline/{closure}(Object(Illuminate/Http/Request))
#65 C:/Users/USER/Desktop/SMASA/vendor/laravel/framework/src/Illuminate/Foundation/Http/Middleware/TrimStrings.php(51): Illuminate/Foundation/Http/Middleware/TransformsRequest->handle(Object(Illuminate/Http/Request), Object(Closure))
#66 C:/Users/USER/Desktop/SMASA/vendor/laravel/framework/src/Illuminate/Pipeline/Pipeline.php(209): Illuminate/Foundation/Http/Middleware/TrimStrings->handle(Object(Illuminate/Http/Request), Object(Closure))
#67 C:/Users/USER/Desktop/SMASA/vendor/laravel/framework/src/Illuminate/Http/Middleware/ValidatePostSize.php(27): Illuminate/Pipeline/Pipeline->Illuminate/Pipeline/{closure}(Object(Illuminate/Http/Request))
#68 C:/Users/USER/Desktop/SMASA/vendor/laravel/framework/src/Illuminate/Pipeline/Pipeline.php(209): Illuminate/Http/Middleware/ValidatePostSize->handle(Object(Illuminate/Http/Request), Object(Closure))
#69 C:/Users/USER/Desktop/SMASA/vendor/laravel/framework/src/Illuminate/Foundation/Http/Middleware/PreventRequestsDuringMaintenance.php(110): Illuminate/Pipeline/Pipeline->Illuminate/Pipeline/{closure}(Object(Illuminate/Http/Request))
#70 C:/Users/USER/Desktop/SMASA/vendor/laravel/framework/src/Illuminate/Pipeline/Pipeline.php(209): Illuminate/Foundation/Http/Middleware/PreventRequestsDuringMaintenance->handle(Object(Illuminate/Http/Request), Object(Closure))
#71 C:/Users/USER/Desktop/SMASA/vendor/laravel/framework/src/Illuminate/Http/Middleware/HandleCors.php(49): Illuminate/Pipeline/Pipeline->Illuminate/Pipeline/{closure}(Object(Illuminate/Http/Request))
#72 C:/Users/USER/Desktop/SMASA/vendor/laravel/framework/src/Illuminate/Pipeline/Pipeline.php(209): Illuminate/Http/Middleware/HandleCors->handle(Object(Illuminate/Http/Request), Object(Closure))
#73 C:/Users/USER/Desktop/SMASA/vendor/laravel/framework/src/Illuminate/Http/Middleware/TrustProxies.php(58): Illuminate/Pipeline/Pipeline->Illuminate/Pipeline/{closure}(Object(Illuminate/Http/Request))
#74 C:/Users/USER/Desktop/SMASA/vendor/laravel/framework/src/Illuminate/Pipeline/Pipeline.php(209): Illuminate/Http/Middleware/TrustProxies->handle(Object(Illuminate/Http/Request), Object(Closure))
#75 C:/Users/USER/Desktop/SMASA/vendor/laravel/framework/src/Illuminate/Pipeline/Pipeline.php(127): Illuminate/Pipeline/Pipeline->Illuminate/Pipeline/{closure}(Object(Illuminate/Http/Request))
#76 C:/Users/USER/Desktop/SMASA/vendor/laravel/framework/src/Illuminate/Foundation/Http/Kernel.php(176): Illuminate/Pipeline/Pipeline->then(Object(Closure))
#77 C:/Users/USER/Desktop/SMASA/vendor/laravel/framework/src/Illuminate/Foundation/Http/Kernel.php(145): Illuminate/Foundation/Http/Kernel->sendRequestThroughRouter(Object(Illuminate/Http/Request))
#78 C:/Users/USER/Desktop/SMASA/public/index.php(58): Illuminate/Foundation/Http/Kernel->handle(Object(Illuminate/Http/Request))
#79 C:/Users/USER/Desktop/SMASA/server.php(25): require_once('C://Users//USER//D...')
#80 {main}
"} 
[2026-08-02 12:38:33] local.INFO: Push subscription request received {"admin_session":false,"teacher_session":true,"endpoint":true,"public_key":true,"auth_token":true} 
[2026-08-02 12:38:34] local.INFO: Push subscription saved successfully {"model":"Teacher","id":47} 
[2026-08-02 12:39:24] local.INFO: Push subscription request received {"admin_session":false,"teacher_session":true,"endpoint":true,"public_key":true,"auth_token":true} 
[2026-08-02 12:39:24] local.INFO: Push subscription saved successfully {"model":"Teacher","id":47} 
[2026-08-02 12:39:32] local.INFO: Push subscription request received {"admin_session":false,"teacher_session":true,"endpoint":true,"public_key":true,"auth_token":true} 
[2026-08-02 12:39:32] local.INFO: Push subscription saved successfully {"model":"Teacher","id":47} 
[2026-08-02 12:39:42] local.INFO: Push subscription request received {"admin_session":false,"teacher_session":true,"endpoint":true,"public_key":true,"auth_token":true} 
[2026-08-02 12:39:42] local.INFO: Push subscription saved successfully {"model":"Teacher","id":47} 
[2026-08-02 12:39:52] local.INFO: Push subscription request received {"admin_session":false,"teacher_session":true,"endpoint":true,"public_key":true,"auth_token":true} 
[2026-08-02 12:39:52] local.INFO: Push subscription saved successfully {"model":"Teacher","id":47} 
[2026-08-02 12:44:06] local.INFO: Push subscription request received {"admin_session":false,"teacher_session":true,"endpoint":true,"public_key":true,"auth_token":true} 
[2026-08-02 12:44:06] local.INFO: Push subscription saved successfully {"model":"Teacher","id":47} 
[2026-08-02 12:44:11] local.INFO: Push subscription request received {"admin_session":false,"teacher_session":true,"endpoint":true,"public_key":true,"auth_token":true} 
[2026-08-02 12:44:11] local.INFO: Push subscription saved successfully {"model":"Teacher","id":47} 
[2026-08-02 12:44:31] local.INFO: Push subscription request received {"admin_session":false,"teacher_session":true,"endpoint":true,"public_key":true,"auth_token":true} 
[2026-08-02 12:44:31] local.INFO: Push subscription saved successfully {"model":"Teacher","id":47} 
[2026-08-02 12:44:43] local.INFO: Push subscription request received {"admin_session":false,"teacher_session":true,"endpoint":true,"public_key":true,"auth_token":true} 
[2026-08-02 12:44:43] local.INFO: Push subscription saved successfully {"model":"Teacher","id":47} 
[2026-08-02 12:44:54] local.INFO: Push subscription request received {"admin_session":false,"teacher_session":true,"endpoint":true,"public_key":true,"auth_token":true} 
[2026-08-02 12:44:54] local.INFO: Push subscription saved successfully {"model":"Teacher","id":47} 
[2026-08-02 12:45:06] local.INFO: Push subscription request received {"admin_session":false,"teacher_session":true,"endpoint":true,"public_key":true,"auth_token":true} 
[2026-08-02 12:45:06] local.INFO: Push subscription saved successfully {"model":"Teacher","id":47} 
[2026-08-02 12:45:18] local.INFO: Push subscription request received {"admin_session":false,"teacher_session":true,"endpoint":true,"public_key":true,"auth_token":true} 
[2026-08-02 12:45:18] local.INFO: Push subscription saved successfully {"model":"Teacher","id":47} 
[2026-08-02 12:45:29] local.INFO: Push subscription request received {"admin_session":false,"teacher_session":true,"endpoint":true,"public_key":true,"auth_token":true} 
[2026-08-02 12:45:29] local.INFO: Push subscription saved successfully {"model":"Teacher","id":47} 
[2026-08-02 12:45:41] local.INFO: Push subscription request received {"admin_session":false,"teacher_session":true,"endpoint":true,"public_key":true,"auth_token":true} 
[2026-08-02 12:45:41] local.INFO: Push subscription saved successfully {"model":"Teacher","id":47} 
[2026-08-02 12:45:58] local.INFO: Push subscription request received {"admin_session":false,"teacher_session":true,"endpoint":true,"public_key":true,"auth_token":true} 
[2026-08-02 12:45:58] local.INFO: Push subscription saved successfully {"model":"Teacher","id":47} 
[2026-08-02 12:46:12] local.INFO: Push subscription request received {"admin_session":false,"teacher_session":true,"endpoint":true,"public_key":true,"auth_token":true} 
[2026-08-02 12:46:12] local.INFO: Push subscription saved successfully {"model":"Teacher","id":47} 
[2026-08-02 12:46:27] local.INFO: Push subscription request received {"admin_session":false,"teacher_session":true,"endpoint":true,"public_key":true,"auth_token":true} 
[2026-08-02 12:46:27] local.INFO: Push subscription saved successfully {"model":"Teacher","id":47} 
[2026-08-02 12:46:28] local.INFO: Push subscription request received {"admin_session":false,"teacher_session":true,"endpoint":true,"public_key":true,"auth_token":true} 
[2026-08-02 12:46:28] local.INFO: Push subscription saved successfully {"model":"Teacher","id":47} 
[2026-08-02 12:47:05] local.INFO: Push subscription request received {"admin_session":false,"teacher_session":true,"endpoint":true,"public_key":true,"auth_token":true} 
[2026-08-02 12:47:05] local.INFO: Push subscription saved successfully {"model":"Teacher","id":47} 
[2026-08-02 12:47:39] local.INFO: Push subscription request received {"admin_session":false,"teacher_session":true,"endpoint":true,"public_key":true,"auth_token":true} 
[2026-08-02 12:47:39] local.INFO: Push subscription saved successfully {"model":"Teacher","id":47} 
[2026-08-02 12:47:52] local.INFO: Push subscription request received {"admin_session":false,"teacher_session":true,"endpoint":true,"public_key":true,"auth_token":true} 
[2026-08-02 12:47:52] local.INFO: Push subscription saved successfully {"model":"Teacher","id":47} 
[2026-08-02 12:47:56] local.INFO: Push subscription request received {"admin_session":false,"teacher_session":true,"endpoint":true,"public_key":true,"auth_token":true} 
[2026-08-02 12:47:56] local.INFO: Push subscription saved successfully {"model":"Teacher","id":47} 
[2026-08-02 12:49:34] local.INFO: Push subscription request received {"admin_session":false,"teacher_session":true,"endpoint":true,"public_key":true,"auth_token":true} 
[2026-08-02 12:49:34] local.INFO: Push subscription saved successfully {"model":"Teacher","id":47} 
[2026-08-02 12:49:45] local.INFO: Push subscription request received {"admin_session":false,"teacher_session":true,"endpoint":true,"public_key":true,"auth_token":true} 
[2026-08-02 12:49:45] local.INFO: Push subscription saved successfully {"model":"Teacher","id":47} 
[2026-08-02 12:49:59] local.INFO: Push subscription request received {"admin_session":false,"teacher_session":true,"endpoint":true,"public_key":true,"auth_token":true} 
[2026-08-02 12:49:59] local.INFO: Push subscription saved successfully {"model":"Teacher","id":47} 
[2026-08-02 12:50:05] local.INFO: Push subscription request received {"admin_session":false,"teacher_session":true,"endpoint":true,"public_key":true,"auth_token":true} 
[2026-08-02 12:50:05] local.INFO: Push subscription saved successfully {"model":"Teacher","id":47} 
[2026-08-02 12:50:12] local.INFO: Push subscription request received {"admin_session":false,"teacher_session":true,"endpoint":true,"public_key":true,"auth_token":true} 
[2026-08-02 12:50:12] local.INFO: Push subscription saved successfully {"model":"Teacher","id":47} 
[2026-08-02 12:50:53] local.INFO: Push subscription request received {"admin_session":false,"teacher_session":true,"endpoint":true,"public_key":true,"auth_token":true} 
[2026-08-02 12:50:53] local.INFO: Push subscription saved successfully {"model":"Teacher","id":47} 
[2026-08-02 12:51:13] local.INFO: Push subscription request received {"admin_session":false,"teacher_session":true,"endpoint":true,"public_key":true,"auth_token":true} 
[2026-08-02 12:51:13] local.INFO: Push subscription saved successfully {"model":"Teacher","id":47} 
[2026-08-02 12:51:20] local.INFO: Push subscription request received {"admin_session":false,"teacher_session":true,"endpoint":true,"public_key":true,"auth_token":true} 
[2026-08-02 12:51:20] local.INFO: Push subscription saved successfully {"model":"Teacher","id":47} 
[2026-08-02 12:51:30] local.INFO: Push subscription request received {"admin_session":false,"teacher_session":true,"endpoint":true,"public_key":true,"auth_token":true} 
[2026-08-02 12:51:30] local.INFO: Push subscription saved successfully {"model":"Teacher","id":47} 
[2026-08-02 12:51:37] local.INFO: Push subscription request received {"admin_session":false,"teacher_session":true,"endpoint":true,"public_key":true,"auth_token":true} 
[2026-08-02 12:51:37] local.INFO: Push subscription saved successfully {"model":"Teacher","id":47} 
[2026-08-02 12:51:44] local.INFO: Push subscription request received {"admin_session":false,"teacher_session":true,"endpoint":true,"public_key":true,"auth_token":true} 
[2026-08-02 12:51:44] local.INFO: Push subscription saved successfully {"model":"Teacher","id":47} 
[2026-08-02 12:54:28] local.INFO: Push subscription request received {"admin_session":false,"teacher_session":true,"endpoint":true,"public_key":true,"auth_token":true} 
[2026-08-02 12:54:28] local.INFO: Push subscription saved successfully {"model":"Teacher","id":47} 
[2026-08-02 12:54:56] local.INFO: Push subscription request received {"admin_session":false,"teacher_session":true,"endpoint":true,"public_key":true,"auth_token":true} 
[2026-08-02 12:54:56] local.INFO: Push subscription saved successfully {"model":"Teacher","id":47} 
[2026-08-02 12:57:06] local.INFO: Push subscription request received {"admin_session":false,"teacher_session":true,"endpoint":true,"public_key":true,"auth_token":true} 
[2026-08-02 12:57:06] local.INFO: Push subscription saved successfully {"model":"Teacher","id":47} 
[2026-08-02 12:57:17] local.INFO: Push subscription request received {"admin_session":false,"teacher_session":true,"endpoint":true,"public_key":true,"auth_token":true} 
[2026-08-02 12:57:17] local.INFO: Push subscription saved successfully {"model":"Teacher","id":47} 
[2026-08-02 12:57:23] local.INFO: Push subscription request received {"admin_session":false,"teacher_session":true,"endpoint":true,"public_key":true,"auth_token":true} 
[2026-08-02 12:57:23] local.INFO: Push subscription saved successfully {"model":"Teacher","id":47} 
[2026-08-02 12:57:40] local.INFO: Push subscription request received {"admin_session":false,"teacher_session":true,"endpoint":true,"public_key":true,"auth_token":true} 
[2026-08-02 12:57:40] local.INFO: Push subscription saved successfully {"model":"Teacher","id":47} 
[2026-08-02 12:58:32] local.INFO: Push subscription request received {"admin_session":false,"teacher_session":true,"endpoint":true,"public_key":true,"auth_token":true} 
[2026-08-02 12:58:32] local.INFO: Push subscription saved successfully {"model":"Teacher","id":47} 
[2026-08-02 13:04:39] local.INFO: Push subscription request received {"admin_session":false,"teacher_session":true,"endpoint":true,"public_key":true,"auth_token":true} 
[2026-08-02 13:04:39] local.INFO: Push subscription saved successfully {"model":"Teacher","id":47} 
[2026-08-02 13:13:01] local.INFO: Push subscription request received {"admin_session":false,"teacher_session":true,"endpoint":true,"public_key":true,"auth_token":true} 
[2026-08-02 13:13:01] local.INFO: Push subscription saved successfully {"model":"Teacher","id":47} 
[2026-08-02 13:13:12] local.INFO: Push subscription request received {"admin_session":false,"teacher_session":true,"endpoint":true,"public_key":true,"auth_token":true} 
[2026-08-02 13:13:12] local.INFO: Push subscription saved successfully {"model":"Teacher","id":47} 
[2026-08-02 13:13:23] local.INFO: Push subscription request received {"admin_session":false,"teacher_session":true,"endpoint":true,"public_key":true,"auth_token":true} 
[2026-08-02 13:13:23] local.INFO: Push subscription saved successfully {"model":"Teacher","id":47} 
[2026-08-02 13:13:51] local.INFO: Push subscription request received {"admin_session":false,"teacher_session":true,"endpoint":true,"public_key":true,"auth_token":true} 
[2026-08-02 13:13:51] local.INFO: Push subscription saved successfully {"model":"Teacher","id":47} 
[2026-08-02 13:14:23] local.INFO: Push subscription request received {"admin_session":false,"teacher_session":true,"endpoint":true,"public_key":true,"auth_token":true} 
[2026-08-02 13:14:23] local.INFO: Push subscription saved successfully {"model":"Teacher","id":47} 
[2026-08-02 13:14:43] local.INFO: Push subscription request received {"admin_session":false,"teacher_session":true,"endpoint":true,"public_key":true,"auth_token":true} 
[2026-08-02 13:14:43] local.INFO: Push subscription saved successfully {"model":"Teacher","id":47} 
[2026-08-02 13:14:50] local.INFO: Push subscription request received {"admin_session":false,"teacher_session":true,"endpoint":true,"public_key":true,"auth_token":true} 
[2026-08-02 13:14:50] local.INFO: Push subscription saved successfully {"model":"Teacher","id":47} 
[2026-08-02 13:15:31] local.INFO: Push subscription request received {"admin_session":false,"teacher_session":true,"endpoint":true,"public_key":true,"auth_token":true} 
[2026-08-02 13:15:31] local.INFO: Push subscription saved successfully {"model":"Teacher","id":47} 
[2026-08-02 13:18:31] local.INFO: Push subscription request received {"admin_session":false,"teacher_session":true,"endpoint":true,"public_key":true,"auth_token":true} 
[2026-08-02 13:18:31] local.INFO: Push subscription saved successfully {"model":"Teacher","id":47} 
[2026-08-02 13:19:17] local.INFO: Push subscription request received {"admin_session":false,"teacher_session":true,"endpoint":true,"public_key":true,"auth_token":true} 
[2026-08-02 13:19:17] local.INFO: Push subscription saved successfully {"model":"Teacher","id":47} 
[2026-08-02 14:05:51] local.INFO: Push subscription request received {"admin_session":false,"teacher_session":true,"endpoint":true,"public_key":true,"auth_token":true} 
[2026-08-02 14:05:51] local.INFO: Push subscription saved successfully {"model":"Teacher","id":47} 
[2026-08-02 14:06:06] local.INFO: Push subscription request received {"admin_session":false,"teacher_session":true,"endpoint":true,"public_key":true,"auth_token":true} 
[2026-08-02 14:06:06] local.INFO: Push subscription saved successfully {"model":"Teacher","id":47} 
[2026-08-02 14:06:37] local.INFO: Push subscription request received {"admin_session":false,"teacher_session":true,"endpoint":true,"public_key":true,"auth_token":true} 
[2026-08-02 14:06:37] local.INFO: Push subscription saved successfully {"model":"Teacher","id":47} 
[2026-08-02 14:08:37] local.INFO: Push subscription request received {"admin_session":false,"teacher_session":true,"endpoint":true,"public_key":true,"auth_token":true} 
[2026-08-02 14:08:37] local.INFO: Push subscription saved successfully {"model":"Teacher","id":47} 
[2026-08-02 14:08:57] local.INFO: Push subscription request received {"admin_session":false,"teacher_session":true,"endpoint":true,"public_key":true,"auth_token":true} 
[2026-08-02 14:08:57] local.INFO: Push subscription saved successfully {"model":"Teacher","id":47} 
[2026-08-02 14:09:11] local.INFO: Push subscription request received {"admin_session":false,"teacher_session":true,"endpoint":true,"public_key":true,"auth_token":true} 
[2026-08-02 14:09:11] local.INFO: Push subscription saved successfully {"model":"Teacher","id":47} 
[2026-08-02 14:14:47] local.INFO: Push subscription request received {"admin_session":false,"teacher_session":true,"endpoint":true,"public_key":true,"auth_token":true} 
[2026-08-02 14:14:47] local.INFO: Push subscription saved successfully {"model":"Teacher","id":47} 
[2026-08-02 14:14:58] local.INFO: Push subscription request received {"admin_session":false,"teacher_session":true,"endpoint":true,"public_key":true,"auth_token":true} 
[2026-08-02 14:14:58] local.INFO: Push subscription saved successfully {"model":"Teacher","id":47} 
[2026-08-02 14:15:32] local.INFO: Push subscription request received {"admin_session":false,"teacher_session":true,"endpoint":true,"public_key":true,"auth_token":true} 
[2026-08-02 14:15:32] local.INFO: Push subscription saved successfully {"model":"Teacher","id":47} 
[2026-08-02 14:15:47] local.INFO: Push subscription request received {"admin_session":false,"teacher_session":true,"endpoint":true,"public_key":true,"auth_token":true} 
[2026-08-02 14:15:47] local.INFO: Push subscription saved successfully {"model":"Teacher","id":47} 
[2026-08-02 14:15:55] local.INFO: Push subscription request received {"admin_session":false,"teacher_session":true,"endpoint":true,"public_key":true,"auth_token":true} 
[2026-08-02 14:15:55] local.INFO: Push subscription saved successfully {"model":"Teacher","id":47} 
[2026-08-02 14:16:22] local.INFO: Push subscription request received {"admin_session":false,"teacher_session":true,"endpoint":true,"public_key":true,"auth_token":true} 
[2026-08-02 14:16:22] local.INFO: Push subscription saved successfully {"model":"Teacher","id":47} 
[2026-08-02 14:16:38] local.INFO: Push subscription request received {"admin_session":false,"teacher_session":true,"endpoint":true,"public_key":true,"auth_token":true} 
[2026-08-02 14:16:38] local.INFO: Push subscription saved successfully {"model":"Teacher","id":47} 
[2026-08-02 14:16:52] local.INFO: Push subscription request received {"admin_session":false,"teacher_session":true,"endpoint":true,"public_key":true,"auth_token":true} 
[2026-08-02 14:16:52] local.INFO: Push subscription saved successfully {"model":"Teacher","id":47} 
[2026-08-02 14:17:15] local.INFO: Push subscription request received {"admin_session":false,"teacher_session":true,"endpoint":true,"public_key":true,"auth_token":true} 
[2026-08-02 14:17:15] local.INFO: Push subscription saved successfully {"model":"Teacher","id":47} 
[2026-08-02 14:17:27] local.INFO: Push subscription request received {"admin_session":false,"teacher_session":true,"endpoint":true,"public_key":true,"auth_token":true} 
[2026-08-02 14:17:27] local.INFO: Push subscription saved successfully {"model":"Teacher","id":47} 
[2026-08-02 14:17:32] local.INFO: Push subscription request received {"admin_session":false,"teacher_session":true,"endpoint":true,"public_key":true,"auth_token":true} 
[2026-08-02 14:17:32] local.INFO: Push subscription saved successfully {"model":"Teacher","id":47} 
[2026-08-02 14:17:50] local.INFO: Push subscription request received {"admin_session":false,"teacher_session":true,"endpoint":true,"public_key":true,"auth_token":true} 
[2026-08-02 14:17:50] local.INFO: Push subscription saved successfully {"model":"Teacher","id":47} 
[2026-08-02 14:17:55] local.INFO: Push subscription request received {"admin_session":false,"teacher_session":true,"endpoint":true,"public_key":true,"auth_token":true} 
[2026-08-02 14:17:55] local.INFO: Push subscription saved successfully {"model":"Teacher","id":47} 
[2026-08-02 14:18:28] local.INFO: Push subscription request received {"admin_session":false,"teacher_session":true,"endpoint":true,"public_key":true,"auth_token":true} 
[2026-08-02 14:18:28] local.INFO: Push subscription saved successfully {"model":"Teacher","id":47} 
[2026-08-02 14:18:45] local.INFO: Push subscription request received {"admin_session":false,"teacher_session":true,"endpoint":true,"public_key":true,"auth_token":true} 
[2026-08-02 14:18:45] local.INFO: Push subscription saved successfully {"model":"Teacher","id":47} 
[2026-08-02 14:27:27] local.INFO: Push subscription request received {"admin_session":false,"teacher_session":true,"endpoint":true,"public_key":true,"auth_token":true} 
[2026-08-02 14:27:27] local.INFO: Push subscription saved successfully {"model":"Teacher","id":47} 
[2026-08-02 14:32:13] local.ERROR: Undefined variable $examCode (View: C:\Users\USER\Desktop\SMASA\resources\views\Examination\grading-schemes\index.blade.php) {"exception":"[object] (Illuminate\\View\\ViewException(code: 0): Undefined variable $examCode (View: C:\\Users\\USER\\Desktop\\SMASA\\resources\\views\\Examination\\grading-schemes\\index.blade.php) at C:/Users/USER/Desktop/SMASA/storage/framework/views/8be4641613561b606a41e37d74151bb3.php:361)
[stacktrace]
#0 C:/Users/USER/Desktop/SMASA/vendor/laravel/framework/src/Illuminate/View/Engines/PhpEngine.php(60): Illuminate/View/Engines/CompilerEngine->handleViewException(Object(ErrorException), 1)
#1 C:/Users/USER/Desktop/SMASA/vendor/laravel/framework/src/Illuminate/View/Engines/CompilerEngine.php(75): Illuminate/View/Engines/PhpEngine->evaluatePath('C://Users//USER//D...', Array)
#2 C:/Users/USER/Desktop/SMASA/vendor/laravel/framework/src/Illuminate/View/View.php(209): Illuminate/View/Engines/CompilerEngine->get('C://Users//USER//D...', Array)
#3 C:/Users/USER/Desktop/SMASA/vendor/laravel/framework/src/Illuminate/View/View.php(192): Illuminate/View/View->getContents()
#4 C:/Users/USER/Desktop/SMASA/vendor/laravel/framework/src/Illuminate/View/View.php(161): Illuminate/View/View->renderContents()
#5 C:/Users/USER/Desktop/SMASA/vendor/laravel/framework/src/Illuminate/Http/Response.php(79): Illuminate/View/View->render()
#6 C:/Users/USER/Desktop/SMASA/vendor/laravel/framework/src/Illuminate/Http/Response.php(35): Illuminate/Http/Response->setContent(Object(Illuminate/View/View))
#7 C:/Users/USER/Desktop/SMASA/vendor/laravel/framework/src/Illuminate/Routing/Router.php(920): Illuminate/Http/Response->__construct(Object(Illuminate/View/View), 200, Array)
#8 C:/Users/USER/Desktop/SMASA/vendor/laravel/framework/src/Illuminate/Routing/Router.php(887): Illuminate/Routing/Router::toResponse(Object(Illuminate/Http/Request), Object(Illuminate/View/View))
#9 C:/Users/USER/Desktop/SMASA/vendor/laravel/framework/src/Illuminate/Routing/Router.php(807): Illuminate/Routing/Router->prepareResponse(Object(Illuminate/Http/Request), Object(Illuminate/View/View))
#10 C:/Users/USER/Desktop/SMASA/vendor/laravel/framework/src/Illuminate/Pipeline/Pipeline.php(170): Illuminate/Routing/Router->Illuminate/Routing/{closure}(Object(Illuminate/Http/Request))
#11 C:/Users/USER/Desktop/SMASA/app/Http/Middleware/SchoolAuth.php(31): Illuminate/Pipeline/Pipeline->Illuminate/Pipeline/{closure}(Object(Illuminate/Http/Request))
#12 C:/Users/USER/Desktop/SMASA/vendor/laravel/framework/src/Illuminate/Pipeline/Pipeline.php(209): App/Http/Middleware/SchoolAuth->handle(Object(Illuminate/Http/Request), Object(Closure))
#13 C:/Users/USER/Desktop/SMASA/vendor/mcamara/laravel-localization/src/Mcamara/LaravelLocalization/Middleware/LaravelLocalizationRedirectFilter.php(45): Illuminate/Pipeline/Pipeline->Illuminate/Pipeline/{closure}(Object(Illuminate/Http/Request))
#14 C:/Users/USER/Desktop/SMASA/vendor/laravel/framework/src/Illuminate/Pipeline/Pipeline.php(209): Mcamara/LaravelLocalization/Middleware/LaravelLocalizationRedirectFilter->handle(Object(Illuminate/Http/Request), Object(Closure))
#15 C:/Users/USER/Desktop/SMASA/vendor/mcamara/laravel-localization/src/Mcamara/LaravelLocalization/Middleware/LaravelLocalizationRoutes.php(30): Illuminate/Pipeline/Pipeline->Illuminate/Pipeline/{closure}(Object(Illuminate/Http/Request))
#16 C:/Users/USER/Desktop/SMASA/vendor/laravel/framework/src/Illuminate/Pipeline/Pipeline.php(209): Mcamara/LaravelLocalization/Middleware/LaravelLocalizationRoutes->handle(Object(Illuminate/Http/Request), Object(Closure))
#17 C:/Users/USER/Desktop/SMASA/vendor/laravel/framework/src/Illuminate/Routing/Middleware/SubstituteBindings.php(51): Illuminate/Pipeline/Pipeline->Illuminate/Pipeline/{closure}(Object(Illuminate/Http/Request))
#18 C:/Users/USER/Desktop/SMASA/vendor/laravel/framework/src/Illuminate/Pipeline/Pipeline.php(209): Illuminate/Routing/Middleware/SubstituteBindings->handle(Object(Illuminate/Http/Request), Object(Closure))
#19 C:/Users/USER/Desktop/SMASA/vendor/laravel/framework/src/Illuminate/Foundation/Http/Middleware/VerifyCsrfToken.php(88): Illuminate/Pipeline/Pipeline->Illuminate/Pipeline/{closure}(Object(Illuminate/Http/Request))
#20 C:/Users/USER/Desktop/SMASA/vendor/laravel/framework/src/Illuminate/Pipeline/Pipeline.php(209): Illuminate/Foundation/Http/Middleware/VerifyCsrfToken->handle(Object(Illuminate/Http/Request), Object(Closure))
#21 C:/Users/USER/Desktop/SMASA/vendor/laravel/framework/src/Illuminate/View/Middleware/ShareErrorsFromSession.php(49): Illuminate/Pipeline/Pipeline->Illuminate/Pipeline/{closure}(Object(Illuminate/Http/Request))
#22 C:/Users/USER/Desktop/SMASA/vendor/laravel/framework/src/Illuminate/Pipeline/Pipeline.php(209): Illuminate/View/Middleware/ShareErrorsFromSession->handle(Object(Illuminate/Http/Request), Object(Closure))
#23 C:/Users/USER/Desktop/SMASA/vendor/laravel/framework/src/Illuminate/Session/Middleware/StartSession.php(121): Illuminate/Pipeline/Pipeline->Illuminate/Pipeline/{closure}(Object(Illuminate/Http/Request))
#24 C:/Users/USER/Desktop/SMASA/vendor/laravel/framework/src/Illuminate/Session/Middleware/StartSession.php(64): Illuminate/Session/Middleware/StartSession->handleStatefulRequest(Object(Illuminate/Http/Request), Object(Illuminate/Session/Store), Object(Closure))
#25 C:/Users/USER/Desktop/SMASA/vendor/laravel/framework/src/Illuminate/Pipeline/Pipeline.php(209): Illuminate/Session/Middleware/StartSession->handle(Object(Illuminate/Http/Request), Object(Closure))
#26 C:/Users/USER/Desktop/SMASA/vendor/laravel/framework/src/Illuminate/Cookie/Middleware/AddQueuedCookiesToResponse.php(37): Illuminate/Pipeline/Pipeline->Illuminate/Pipeline/{closure}(Object(Illuminate/Http/Request))
#27 C:/Users/USER/Desktop/SMASA/vendor/laravel/framework/src/Illuminate/Pipeline/Pipeline.php(209): Illuminate/Cookie/Middleware/AddQueuedCookiesToResponse->handle(Object(Illuminate/Http/Request), Object(Closure))
#28 C:/Users/USER/Desktop/SMASA/vendor/laravel/framework/src/Illuminate/Cookie/Middleware/EncryptCookies.php(75): Illuminate/Pipeline/Pipeline->Illuminate/Pipeline/{closure}(Object(Illuminate/Http/Request))
#29 C:/Users/USER/Desktop/SMASA/vendor/laravel/framework/src/Illuminate/Pipeline/Pipeline.php(209): Illuminate/Cookie/Middleware/EncryptCookies->handle(Object(Illuminate/Http/Request), Object(Closure))
#30 C:/Users/USER/Desktop/SMASA/vendor/laravel/framework/src/Illuminate/Pipeline/Pipeline.php(127): Illuminate/Pipeline/Pipeline->Illuminate/Pipeline/{closure}(Object(Illuminate/Http/Request))
#31 C:/Users/USER/Desktop/SMASA/vendor/laravel/framework/src/Illuminate/Routing/Router.php(807): Illuminate/Pipeline/Pipeline->then(Object(Closure))
#32 C:/Users/USER/Desktop/SMASA/vendor/laravel/framework/src/Illuminate/Routing/Router.php(786): Illuminate/Routing/Router->runRouteWithinStack(Object(Illuminate/Routing/Route), Object(Illuminate/Http/Request))
#33 C:/Users/USER/Desktop/SMASA/vendor/laravel/framework/src/Illuminate/Routing/Router.php(750): Illuminate/Routing/Router->runRoute(Object(Illuminate/Http/Request), Object(Illuminate/Routing/Route))
#34 C:/Users/USER/Desktop/SMASA/vendor/laravel/framework/src/Illuminate/Routing/Router.php(739): Illuminate/Routing/Router->dispatchToRoute(Object(Illuminate/Http/Request))
#35 C:/Users/USER/Desktop/SMASA/vendor/laravel/framework/src/Illuminate/Foundation/Http/Kernel.php(201): Illuminate/Routing/Router->dispatch(Object(Illuminate/Http/Request))
#36 C:/Users/USER/Desktop/SMASA/vendor/laravel/framework/src/Illuminate/Pipeline/Pipeline.php(170): Illuminate/Foundation/Http/Kernel->Illuminate/Foundation/Http/{closure}(Object(Illuminate/Http/Request))
#37 C:/Users/USER/Desktop/SMASA/vendor/laravel/framework/src/Illuminate/Foundation/Http/Middleware/TransformsRequest.php(21): Illuminate/Pipeline/Pipeline->Illuminate/Pipeline/{closure}(Object(Illuminate/Http/Request))
#38 C:/Users/USER/Desktop/SMASA/vendor/laravel/framework/src/Illuminate/Foundation/Http/Middleware/ConvertEmptyStringsToNull.php(31): Illuminate/Foundation/Http/Middleware/TransformsRequest->handle(Object(Illuminate/Http/Request), Object(Closure))
#39 C:/Users/USER/Desktop/SMASA/vendor/laravel/framework/src/Illuminate/Pipeline/Pipeline.php(209): Illuminate/Foundation/Http/Middleware/ConvertEmptyStringsToNull->handle(Object(Illuminate/Http/Request), Object(Closure))
#40 C:/Users/USER/Desktop/SMASA/vendor/laravel/framework/src/Illuminate/Foundation/Http/Middleware/TransformsRequest.php(21): Illuminate/Pipeline/Pipeline->Illuminate/Pipeline/{closure}(Object(Illuminate/Http/Request))
#41 C:/Users/USER/Desktop/SMASA/vendor/laravel/framework/src/Illuminate/Foundation/Http/Middleware/TrimStrings.php(51): Illuminate/Foundation/Http/Middleware/TransformsRequest->handle(Object(Illuminate/Http/Request), Object(Closure))
#42 C:/Users/USER/Desktop/SMASA/vendor/laravel/framework/src/Illuminate/Pipeline/Pipeline.php(209): Illuminate/Foundation/Http/Middleware/TrimStrings->handle(Object(Illuminate/Http/Request), Object(Closure))
#43 C:/Users/USER/Desktop/SMASA/vendor/laravel/framework/src/Illuminate/Http/Middleware/ValidatePostSize.php(27): Illuminate/Pipeline/Pipeline->Illuminate/Pipeline/{closure}(Object(Illuminate/Http/Request))
#44 C:/Users/USER/Desktop/SMASA/vendor/laravel/framework/src/Illuminate/Pipeline/Pipeline.php(209): Illuminate/Http/Middleware/ValidatePostSize->handle(Object(Illuminate/Http/Request), Object(Closure))
#45 C:/Users/USER/Desktop/SMASA/vendor/laravel/framework/src/Illuminate/Foundation/Http/Middleware/PreventRequestsDuringMaintenance.php(110): Illuminate/Pipeline/Pipeline->Illuminate/Pipeline/{closure}(Object(Illuminate/Http/Request))
#46 C:/Users/USER/Desktop/SMASA/vendor/laravel/framework/src/Illuminate/Pipeline/Pipeline.php(209): Illuminate/Foundation/Http/Middleware/PreventRequestsDuringMaintenance->handle(Object(Illuminate/Http/Request), Object(Closure))
#47 C:/Users/USER/Desktop/SMASA/vendor/laravel/framework/src/Illuminate/Http/Middleware/HandleCors.php(49): Illuminate/Pipeline/Pipeline->Illuminate/Pipeline/{closure}(Object(Illuminate/Http/Request))
#48 C:/Users/USER/Desktop/SMASA/vendor/laravel/framework/src/Illuminate/Pipeline/Pipeline.php(209): Illuminate/Http/Middleware/HandleCors->handle(Object(Illuminate/Http/Request), Object(Closure))
#49 C:/Users/USER/Desktop/SMASA/vendor/laravel/framework/src/Illuminate/Http/Middleware/TrustProxies.php(58): Illuminate/Pipeline/Pipeline->Illuminate/Pipeline/{closure}(Object(Illuminate/Http/Request))
#50 C:/Users/USER/Desktop/SMASA/vendor/laravel/framework/src/Illuminate/Pipeline/Pipeline.php(209): Illuminate/Http/Middleware/TrustProxies->handle(Object(Illuminate/Http/Request), Object(Closure))
#51 C:/Users/USER/Desktop/SMASA/vendor/laravel/framework/src/Illuminate/Pipeline/Pipeline.php(127): Illuminate/Pipeline/Pipeline->Illuminate/Pipeline/{closure}(Object(Illuminate/Http/Request))
#52 C:/Users/USER/Desktop/SMASA/vendor/laravel/framework/src/Illuminate/Foundation/Http/Kernel.php(176): Illuminate/Pipeline/Pipeline->then(Object(Closure))
#53 C:/Users/USER/Desktop/SMASA/vendor/laravel/framework/src/Illuminate/Foundation/Http/Kernel.php(145): Illuminate/Foundation/Http/Kernel->sendRequestThroughRouter(Object(Illuminate/Http/Request))
#54 C:/Users/USER/Desktop/SMASA/public/index.php(58): Illuminate/Foundation/Http/Kernel->handle(Object(Illuminate/Http/Request))
#55 C:/Users/USER/Desktop/SMASA/server.php(25): require_once('C://Users//USER//D...')
#56 {main}

[previous exception] [object] (ErrorException(code: 0): Undefined variable $examCode at C:/Users/USER/Desktop/SMASA/storage/framework/views/8be4641613561b606a41e37d74151bb3.php:361)
[stacktrace]
#0 C:/Users/USER/Desktop/SMASA/vendor/laravel/framework/src/Illuminate/Foundation/Bootstrap/HandleExceptions.php(258): Illuminate/Foundation/Bootstrap/HandleExceptions->handleError(2, 'Undefined varia...', 'C://Users//USER//D...', 361)
#1 C:/Users/USER/Desktop/SMASA/storage/framework/views/8be4641613561b606a41e37d74151bb3.php(361): Illuminate/Foundation/Bootstrap/HandleExceptions->Illuminate/Foundation/Bootstrap/{closure}(2, 'Undefined varia...', 'C://Users//USER//D...', 361)
#2 C:/Users/USER/Desktop/SMASA/vendor/laravel/framework/src/Illuminate/Filesystem/Filesystem.php(123): require('C://Users//USER//D...')
#3 C:/Users/USER/Desktop/SMASA/vendor/laravel/framework/src/Illuminate/Filesystem/Filesystem.php(124): Illuminate/Filesystem/Filesystem::Illuminate/Filesystem/{closure}()
#4 C:/Users/USER/Desktop/SMASA/vendor/laravel/framework/src/Illuminate/View/Engines/PhpEngine.php(58): Illuminate/Filesystem/Filesystem->getRequire('C://Users//USER//D...', Array)
#5 C:/Users/USER/Desktop/SMASA/vendor/laravel/framework/src/Illuminate/View/Engines/CompilerEngine.php(75): Illuminate/View/Engines/PhpEngine->evaluatePath('C://Users//USER//D...', Array)
#6 C:/Users/USER/Desktop/SMASA/vendor/laravel/framework/src/Illuminate/View/View.php(209): Illuminate/View/Engines/CompilerEngine->get('C://Users//USER//D...', Array)
#7 C:/Users/USER/Desktop/SMASA/vendor/laravel/framework/src/Illuminate/View/View.php(192): Illuminate/View/View->getContents()
#8 C:/Users/USER/Desktop/SMASA/vendor/laravel/framework/src/Illuminate/View/View.php(161): Illuminate/View/View->renderContents()
#9 C:/Users/USER/Desktop/SMASA/vendor/laravel/framework/src/Illuminate/Http/Response.php(79): Illuminate/View/View->render()
#10 C:/Users/USER/Desktop/SMASA/vendor/laravel/framework/src/Illuminate/Http/Response.php(35): Illuminate/Http/Response->setContent(Object(Illuminate/View/View))
#11 C:/Users/USER/Desktop/SMASA/vendor/laravel/framework/src/Illuminate/Routing/Router.php(920): Illuminate/Http/Response->__construct(Object(Illuminate/View/View), 200, Array)
#12 C:/Users/USER/Desktop/SMASA/vendor/laravel/framework/src/Illuminate/Routing/Router.php(887): Illuminate/Routing/Router::toResponse(Object(Illuminate/Http/Request), Object(Illuminate/View/View))
#13 C:/Users/USER/Desktop/SMASA/vendor/laravel/framework/src/Illuminate/Routing/Router.php(807): Illuminate/Routing/Router->prepareResponse(Object(Illuminate/Http/Request), Object(Illuminate/View/View))
#14 C:/Users/USER/Desktop/SMASA/vendor/laravel/framework/src/Illuminate/Pipeline/Pipeline.php(170): Illuminate/Routing/Router->Illuminate/Routing/{closure}(Object(Illuminate/Http/Request))
#15 C:/Users/USER/Desktop/SMASA/app/Http/Middleware/SchoolAuth.php(31): Illuminate/Pipeline/Pipeline->Illuminate/Pipeline/{closure}(Object(Illuminate/Http/Request))
#16 C:/Users/USER/Desktop/SMASA/vendor/laravel/framework/src/Illuminate/Pipeline/Pipeline.php(209): App/Http/Middleware/SchoolAuth->handle(Object(Illuminate/Http/Request), Object(Closure))
#17 C:/Users/USER/Desktop/SMASA/vendor/mcamara/laravel-localization/src/Mcamara/LaravelLocalization/Middleware/LaravelLocalizationRedirectFilter.php(45): Illuminate/Pipeline/Pipeline->Illuminate/Pipeline/{closure}(Object(Illuminate/Http/Request))
#18 C:/Users/USER/Desktop/SMASA/vendor/laravel/framework/src/Illuminate/Pipeline/Pipeline.php(209): Mcamara/LaravelLocalization/Middleware/LaravelLocalizationRedirectFilter->handle(Object(Illuminate/Http/Request), Object(Closure))
#19 C:/Users/USER/Desktop/SMASA/vendor/mcamara/laravel-localization/src/Mcamara/LaravelLocalization/Middleware/LaravelLocalizationRoutes.php(30): Illuminate/Pipeline/Pipeline->Illuminate/Pipeline/{closure}(Object(Illuminate/Http/Request))
#20 C:/Users/USER/Desktop/SMASA/vendor/laravel/framework/src/Illuminate/Pipeline/Pipeline.php(209): Mcamara/LaravelLocalization/Middleware/LaravelLocalizationRoutes->handle(Object(Illuminate/Http/Request), Object(Closure))
#21 C:/Users/USER/Desktop/SMASA/vendor/laravel/framework/src/Illuminate/Routing/Middleware/SubstituteBindings.php(51): Illuminate/Pipeline/Pipeline->Illuminate/Pipeline/{closure}(Object(Illuminate/Http/Request))
#22 C:/Users/USER/Desktop/SMASA/vendor/laravel/framework/src/Illuminate/Pipeline/Pipeline.php(209): Illuminate/Routing/Middleware/SubstituteBindings->handle(Object(Illuminate/Http/Request), Object(Closure))
#23 C:/Users/USER/Desktop/SMASA/vendor/laravel/framework/src/Illuminate/Foundation/Http/Middleware/VerifyCsrfToken.php(88): Illuminate/Pipeline/Pipeline->Illuminate/Pipeline/{closure}(Object(Illuminate/Http/Request))
#24 C:/Users/USER/Desktop/SMASA/vendor/laravel/framework/src/Illuminate/Pipeline/Pipeline.php(209): Illuminate/Foundation/Http/Middleware/VerifyCsrfToken->handle(Object(Illuminate/Http/Request), Object(Closure))
#25 C:/Users/USER/Desktop/SMASA/vendor/laravel/framework/src/Illuminate/View/Middleware/ShareErrorsFromSession.php(49): Illuminate/Pipeline/Pipeline->Illuminate/Pipeline/{closure}(Object(Illuminate/Http/Request))
#26 C:/Users/USER/Desktop/SMASA/vendor/laravel/framework/src/Illuminate/Pipeline/Pipeline.php(209): Illuminate/View/Middleware/ShareErrorsFromSession->handle(Object(Illuminate/Http/Request), Object(Closure))
#27 C:/Users/USER/Desktop/SMASA/vendor/laravel/framework/src/Illuminate/Session/Middleware/StartSession.php(121): Illuminate/Pipeline/Pipeline->Illuminate/Pipeline/{closure}(Object(Illuminate/Http/Request))
#28 C:/Users/USER/Desktop/SMASA/vendor/laravel/framework/src/Illuminate/Session/Middleware/StartSession.php(64): Illuminate/Session/Middleware/StartSession->handleStatefulRequest(Object(Illuminate/Http/Request), Object(Illuminate/Session/Store), Object(Closure))
#29 C:/Users/USER/Desktop/SMASA/vendor/laravel/framework/src/Illuminate/Pipeline/Pipeline.php(209): Illuminate/Session/Middleware/StartSession->handle(Object(Illuminate/Http/Request), Object(Closure))
#30 C:/Users/USER/Desktop/SMASA/vendor/laravel/framework/src/Illuminate/Cookie/Middleware/AddQueuedCookiesToResponse.php(37): Illuminate/Pipeline/Pipeline->Illuminate/Pipeline/{closure}(Object(Illuminate/Http/Request))
#31 C:/Users/USER/Desktop/SMASA/vendor/laravel/framework/src/Illuminate/Pipeline/Pipeline.php(209): Illuminate/Cookie/Middleware/AddQueuedCookiesToResponse->handle(Object(Illuminate/Http/Request), Object(Closure))
#32 C:/Users/USER/Desktop/SMASA/vendor/laravel/framework/src/Illuminate/Cookie/Middleware/EncryptCookies.php(75): Illuminate/Pipeline/Pipeline->Illuminate/Pipeline/{closure}(Object(Illuminate/Http/Request))
#33 C:/Users/USER/Desktop/SMASA/vendor/laravel/framework/src/Illuminate/Pipeline/Pipeline.php(209): Illuminate/Cookie/Middleware/EncryptCookies->handle(Object(Illuminate/Http/Request), Object(Closure))
#34 C:/Users/USER/Desktop/SMASA/vendor/laravel/framework/src/Illuminate/Pipeline/Pipeline.php(127): Illuminate/Pipeline/Pipeline->Illuminate/Pipeline/{closure}(Object(Illuminate/Http/Request))
#35 C:/Users/USER/Desktop/SMASA/vendor/laravel/framework/src/Illuminate/Routing/Router.php(807): Illuminate/Pipeline/Pipeline->then(Object(Closure))
#36 C:/Users/USER/Desktop/SMASA/vendor/laravel/framework/src/Illuminate/Routing/Router.php(786): Illuminate/Routing/Router->runRouteWithinStack(Object(Illuminate/Routing/Route), Object(Illuminate/Http/Request))
#37 C:/Users/USER/Desktop/SMASA/vendor/laravel/framework/src/Illuminate/Routing/Router.php(750): Illuminate/Routing/Router->runRoute(Object(Illuminate/Http/Request), Object(Illuminate/Routing/Route))
#38 C:/Users/USER/Desktop/SMASA/vendor/laravel/framework/src/Illuminate/Routing/Router.php(739): Illuminate/Routing/Router->dispatchToRoute(Object(Illuminate/Http/Request))
#39 C:/Users/USER/Desktop/SMASA/vendor/laravel/framework/src/Illuminate/Foundation/Http/Kernel.php(201): Illuminate/Routing/Router->dispatch(Object(Illuminate/Http/Request))
#40 C:/Users/USER/Desktop/SMASA/vendor/laravel/framework/src/Illuminate/Pipeline/Pipeline.php(170): Illuminate/Foundation/Http/Kernel->Illuminate/Foundation/Http/{closure}(Object(Illuminate/Http/Request))
#41 C:/Users/USER/Desktop/SMASA/vendor/laravel/framework/src/Illuminate/Foundation/Http/Middleware/TransformsRequest.php(21): Illuminate/Pipeline/Pipeline->Illuminate/Pipeline/{closure}(Object(Illuminate/Http/Request))
#42 C:/Users/USER/Desktop/SMASA/vendor/laravel/framework/src/Illuminate/Foundation/Http/Middleware/ConvertEmptyStringsToNull.php(31): Illuminate/Foundation/Http/Middleware/TransformsRequest->handle(Object(Illuminate/Http/Request), Object(Closure))
#43 C:/Users/USER/Desktop/SMASA/vendor/laravel/framework/src/Illuminate/Pipeline/Pipeline.php(209): Illuminate/Foundation/Http/Middleware/ConvertEmptyStringsToNull->handle(Object(Illuminate/Http/Request), Object(Closure))
#44 C:/Users/USER/Desktop/SMASA/vendor/laravel/framework/src/Illuminate/Foundation/Http/Middleware/TransformsRequest.php(21): Illuminate/Pipeline/Pipeline->Illuminate/Pipeline/{closure}(Object(Illuminate/Http/Request))
#45 C:/Users/USER/Desktop/SMASA/vendor/laravel/framework/src/Illuminate/Foundation/Http/Middleware/TrimStrings.php(51): Illuminate/Foundation/Http/Middleware/TransformsRequest->handle(Object(Illuminate/Http/Request), Object(Closure))
#46 C:/Users/USER/Desktop/SMASA/vendor/laravel/framework/src/Illuminate/Pipeline/Pipeline.php(209): Illuminate/Foundation/Http/Middleware/TrimStrings->handle(Object(Illuminate/Http/Request), Object(Closure))
#47 C:/Users/USER/Desktop/SMASA/vendor/laravel/framework/src/Illuminate/Http/Middleware/ValidatePostSize.php(27): Illuminate/Pipeline/Pipeline->Illuminate/Pipeline/{closure}(Object(Illuminate/Http/Request))
#48 C:/Users/USER/Desktop/SMASA/vendor/laravel/framework/src/Illuminate/Pipeline/Pipeline.php(209): Illuminate/Http/Middleware/ValidatePostSize->handle(Object(Illuminate/Http/Request), Object(Closure))
#49 C:/Users/USER/Desktop/SMASA/vendor/laravel/framework/src/Illuminate/Foundation/Http/Middleware/PreventRequestsDuringMaintenance.php(110): Illuminate/Pipeline/Pipeline->Illuminate/Pipeline/{closure}(Object(Illuminate/Http/Request))
#50 C:/Users/USER/Desktop/SMASA/vendor/laravel/framework/src/Illuminate/Pipeline/Pipeline.php(209): Illuminate/Foundation/Http/Middleware/PreventRequestsDuringMaintenance->handle(Object(Illuminate/Http/Request), Object(Closure))
#51 C:/Users/USER/Desktop/SMASA/vendor/laravel/framework/src/Illuminate/Http/Middleware/HandleCors.php(49): Illuminate/Pipeline/Pipeline->Illuminate/Pipeline/{closure}(Object(Illuminate/Http/Request))
#52 C:/Users/USER/Desktop/SMASA/vendor/laravel/framework/src/Illuminate/Pipeline/Pipeline.php(209): Illuminate/Http/Middleware/HandleCors->handle(Object(Illuminate/Http/Request), Object(Closure))
#53 C:/Users/USER/Desktop/SMASA/vendor/laravel/framework/src/Illuminate/Http/Middleware/TrustProxies.php(58): Illuminate/Pipeline/Pipeline->Illuminate/Pipeline/{closure}(Object(Illuminate/Http/Request))
#54 C:/Users/USER/Desktop/SMASA/vendor/laravel/framework/src/Illuminate/Pipeline/Pipeline.php(209): Illuminate/Http/Middleware/TrustProxies->handle(Object(Illuminate/Http/Request), Object(Closure))
#55 C:/Users/USER/Desktop/SMASA/vendor/laravel/framework/src/Illuminate/Pipeline/Pipeline.php(127): Illuminate/Pipeline/Pipeline->Illuminate/Pipeline/{closure}(Object(Illuminate/Http/Request))
#56 C:/Users/USER/Desktop/SMASA/vendor/laravel/framework/src/Illuminate/Foundation/Http/Kernel.php(176): Illuminate/Pipeline/Pipeline->then(Object(Closure))
#57 C:/Users/USER/Desktop/SMASA/vendor/laravel/framework/src/Illuminate/Foundation/Http/Kernel.php(145): Illuminate/Foundation/Http/Kernel->sendRequestThroughRouter(Object(Illuminate/Http/Request))
#58 C:/Users/USER/Desktop/SMASA/public/index.php(58): Illuminate/Foundation/Http/Kernel->handle(Object(Illuminate/Http/Request))
#59 C:/Users/USER/Desktop/SMASA/server.php(25): require_once('C://Users//USER//D...')
#60 {main}
"} 
[2026-08-02 14:33:11] local.INFO: Push subscription request received {"admin_session":false,"teacher_session":true,"endpoint":true,"public_key":true,"auth_token":true} 
[2026-08-02 14:33:11] local.INFO: Push subscription saved successfully {"model":"Teacher","id":47} 
[2026-08-02 14:35:09] local.INFO: Push subscription request received {"admin_session":false,"teacher_session":true,"endpoint":true,"public_key":true,"auth_token":true} 
[2026-08-02 14:35:09] local.INFO: Push subscription saved successfully {"model":"Teacher","id":47} 
[2026-08-02 14:37:38] local.INFO: Push subscription request received {"admin_session":false,"teacher_session":true,"endpoint":true,"public_key":true,"auth_token":true} 
[2026-08-02 14:37:38] local.INFO: Push subscription saved successfully {"model":"Teacher","id":47} 
[2026-08-02 14:38:34] local.INFO: Push subscription request received {"admin_session":false,"teacher_session":true,"endpoint":true,"public_key":true,"auth_token":true} 
[2026-08-02 14:38:34] local.INFO: Push subscription saved successfully {"model":"Teacher","id":47} 
[2026-08-02 14:39:05] local.INFO: Push subscription request received {"admin_session":false,"teacher_session":true,"endpoint":true,"public_key":true,"auth_token":true} 
[2026-08-02 14:39:05] local.INFO: Push subscription saved successfully {"model":"Teacher","id":47} 
[2026-08-02 15:04:38] local.INFO: Push subscription request received {"admin_session":false,"teacher_session":true,"endpoint":true,"public_key":true,"auth_token":true} 
[2026-08-02 15:04:38] local.INFO: Push subscription saved successfully {"model":"Teacher","id":47} 
[2026-08-02 15:06:29] local.INFO: Push subscription request received {"admin_session":false,"teacher_session":true,"endpoint":true,"public_key":true,"auth_token":true} 
[2026-08-02 15:06:29] local.INFO: Push subscription saved successfully {"model":"Teacher","id":47} 
[2026-08-02 15:06:52] local.INFO: Push subscription request received {"admin_session":false,"teacher_session":true,"endpoint":true,"public_key":true,"auth_token":true} 
[2026-08-02 15:06:52] local.INFO: Push subscription saved successfully {"model":"Teacher","id":47} 
[2026-08-02 15:07:11] local.INFO: Push subscription request received {"admin_session":false,"teacher_session":true,"endpoint":true,"public_key":true,"auth_token":true} 
[2026-08-02 15:07:11] local.INFO: Push subscription saved successfully {"model":"Teacher","id":47} 
[2026-08-02 15:07:16] local.INFO: Push subscription request received {"admin_session":false,"teacher_session":true,"endpoint":true,"public_key":true,"auth_token":true} 
[2026-08-02 15:07:16] local.INFO: Push subscription saved successfully {"model":"Teacher","id":47} 
[2026-08-02 15:08:13] local.INFO: Push subscription request received {"admin_session":false,"teacher_session":true,"endpoint":true,"public_key":true,"auth_token":true} 
[2026-08-02 15:08:13] local.INFO: Push subscription saved successfully {"model":"Teacher","id":47} 
[2026-08-02 15:09:16] local.INFO: Push subscription request received {"admin_session":false,"teacher_session":true,"endpoint":true,"public_key":true,"auth_token":true} 
[2026-08-02 15:09:16] local.INFO: Push subscription saved successfully {"model":"Teacher","id":47} 
[2026-08-02 15:13:44] local.INFO: Push subscription request received {"admin_session":false,"teacher_session":true,"endpoint":true,"public_key":true,"auth_token":true} 
[2026-08-02 15:13:44] local.INFO: Push subscription saved successfully {"model":"Teacher","id":47} 
[2026-08-02 15:14:12] local.INFO: Push subscription request received {"admin_session":false,"teacher_session":true,"endpoint":true,"public_key":true,"auth_token":true} 
[2026-08-02 15:14:12] local.INFO: Push subscription saved successfully {"model":"Teacher","id":47} 
[2026-08-02 15:14:46] local.INFO: Push subscription request received {"admin_session":false,"teacher_session":true,"endpoint":true,"public_key":true,"auth_token":true} 
[2026-08-02 15:14:46] local.INFO: Push subscription saved successfully {"model":"Teacher","id":47} 
[2026-08-02 15:15:10] local.INFO: Push subscription request received {"admin_session":false,"teacher_session":true,"endpoint":true,"public_key":true,"auth_token":true} 
[2026-08-02 15:15:10] local.INFO: Push subscription saved successfully {"model":"Teacher","id":47} 
[2026-08-02 15:24:41] local.INFO: Push subscription request received {"admin_session":false,"teacher_session":true,"endpoint":true,"public_key":true,"auth_token":true} 
[2026-08-02 15:24:41] local.INFO: Push subscription saved successfully {"model":"Teacher","id":47} 
[2026-08-02 15:24:53] local.INFO: Push subscription request received {"admin_session":false,"teacher_session":true,"endpoint":true,"public_key":true,"auth_token":true} 
[2026-08-02 15:24:53] local.INFO: Push subscription saved successfully {"model":"Teacher","id":47} 
[2026-08-02 15:25:08] local.INFO: Push subscription request received {"admin_session":false,"teacher_session":true,"endpoint":true,"public_key":true,"auth_token":true} 
[2026-08-02 15:25:08] local.INFO: Push subscription saved successfully {"model":"Teacher","id":47} 
[2026-08-02 15:25:32] local.INFO: Push subscription request received {"admin_session":false,"teacher_session":true,"endpoint":true,"public_key":true,"auth_token":true} 
[2026-08-02 15:25:32] local.INFO: Push subscription saved successfully {"model":"Teacher","id":47} 
[2026-08-02 15:27:31] local.INFO: Push subscription request received {"admin_session":false,"teacher_session":true,"endpoint":true,"public_key":true,"auth_token":true} 
[2026-08-02 15:27:31] local.INFO: Push subscription saved successfully {"model":"Teacher","id":47} 
[2026-08-02 15:33:22] local.INFO: Push subscription request received {"admin_session":false,"teacher_session":true,"endpoint":true,"public_key":true,"auth_token":true} 
[2026-08-02 15:33:22] local.INFO: Push subscription saved successfully {"model":"Teacher","id":47} 
[2026-08-02 15:35:18] local.INFO: Push subscription request received {"admin_session":false,"teacher_session":true,"endpoint":true,"public_key":true,"auth_token":true} 
[2026-08-02 15:35:18] local.INFO: Push subscription saved successfully {"model":"Teacher","id":47} 
[2026-08-02 15:37:19] local.INFO: Push subscription request received {"admin_session":false,"teacher_session":true,"endpoint":true,"public_key":true,"auth_token":true} 
[2026-08-02 15:37:19] local.INFO: Push subscription saved successfully {"model":"Teacher","id":47} 
[2026-08-02 15:40:18] local.INFO: Push subscription request received {"admin_session":false,"teacher_session":true,"endpoint":true,"public_key":true,"auth_token":true} 
[2026-08-02 15:40:18] local.INFO: Push subscription saved successfully {"model":"Teacher","id":47} 
[2026-08-02 15:53:46] local.INFO: Push subscription request received {"admin_session":false,"teacher_session":true,"endpoint":true,"public_key":true,"auth_token":true} 
[2026-08-02 15:53:46] local.INFO: Push subscription saved successfully {"model":"Teacher","id":47} 
[2026-08-02 15:54:25] local.INFO: Push subscription request received {"admin_session":false,"teacher_session":true,"endpoint":true,"public_key":true,"auth_token":true} 
[2026-08-02 15:54:25] local.INFO: Push subscription saved successfully {"model":"Teacher","id":47} 
[2026-08-02 15:54:41] local.INFO: Push subscription request received {"admin_session":false,"teacher_session":true,"endpoint":true,"public_key":true,"auth_token":true} 
[2026-08-02 15:54:41] local.INFO: Push subscription saved successfully {"model":"Teacher","id":47} 
[2026-08-02 16:00:28] local.INFO: Push subscription request received {"admin_session":false,"teacher_session":true,"endpoint":true,"public_key":true,"auth_token":true} 
[2026-08-02 16:00:28] local.INFO: Push subscription saved successfully {"model":"Teacher","id":47} 
[2026-08-02 16:00:33] local.INFO: Push subscription request received {"admin_session":false,"teacher_session":true,"endpoint":true,"public_key":true,"auth_token":true} 
[2026-08-02 16:00:33] local.INFO: Push subscription saved successfully {"model":"Teacher","id":47} 
[2026-08-02 16:04:01] local.INFO: Push subscription request received {"admin_session":false,"teacher_session":true,"endpoint":true,"public_key":true,"auth_token":true} 
[2026-08-02 16:04:01] local.INFO: Push subscription saved successfully {"model":"Teacher","id":47} 
[2026-08-02 16:04:11] local.INFO: Push subscription request received {"admin_session":false,"teacher_session":true,"endpoint":true,"public_key":true,"auth_token":true} 
[2026-08-02 16:04:11] local.INFO: Push subscription saved successfully {"model":"Teacher","id":47} 
[2026-08-02 16:05:18] local.INFO: Push subscription request received {"admin_session":false,"teacher_session":true,"endpoint":true,"public_key":true,"auth_token":true} 
[2026-08-02 16:05:18] local.INFO: Push subscription saved successfully {"model":"Teacher","id":47} 
[2026-08-02 16:05:59] local.INFO: Push subscription request received {"admin_session":false,"teacher_session":true,"endpoint":true,"public_key":true,"auth_token":true} 
[2026-08-02 16:05:59] local.INFO: Push subscription saved successfully {"model":"Teacher","id":47} 
[2026-08-02 16:06:18] local.INFO: Push subscription request received {"admin_session":false,"teacher_session":true,"endpoint":true,"public_key":true,"auth_token":true} 
[2026-08-02 16:06:18] local.INFO: Push subscription saved successfully {"model":"Teacher","id":47} 
[2026-08-02 16:06:20] local.INFO: Push subscription request received {"admin_session":false,"teacher_session":true,"endpoint":true,"public_key":true,"auth_token":true} 
[2026-08-02 16:06:20] local.INFO: Push subscription saved successfully {"model":"Teacher","id":47} 
[2026-08-02 16:07:21] local.INFO: Push subscription request received {"admin_session":false,"teacher_session":true,"endpoint":true,"public_key":true,"auth_token":true} 
[2026-08-02 16:07:21] local.INFO: Push subscription saved successfully {"model":"Teacher","id":47} 
[2026-08-02 16:07:53] local.INFO: Push subscription request received {"admin_session":false,"teacher_session":true,"endpoint":true,"public_key":true,"auth_token":true} 
[2026-08-02 16:07:53] local.INFO: Push subscription saved successfully {"model":"Teacher","id":47} 
[2026-08-02 16:08:55] local.ERROR: Class "App\Models\ClassStream" not found (View: C:\Users\USER\Desktop\SMASA\resources\views\Examination\create.blade.php) {"exception":"[object] (Illuminate\\View\\ViewException(code: 0): Class \"App\\Models\\ClassStream\" not found (View: C:\\Users\\USER\\Desktop\\SMASA\\resources\\views\\Examination\\create.blade.php) at C:/Users/USER/Desktop/SMASA/storage/framework/views/ddeea62c6ac403037541fa3597743472.php:447)
[stacktrace]
#0 C:/Users/USER/Desktop/SMASA/vendor/laravel/framework/src/Illuminate/View/Engines/PhpEngine.php(60): Illuminate/View/Engines/CompilerEngine->handleViewException(Object(Error), 1)
#1 C:/Users/USER/Desktop/SMASA/vendor/laravel/framework/src/Illuminate/View/Engines/CompilerEngine.php(75): Illuminate/View/Engines/PhpEngine->evaluatePath('C://Users//USER//D...', Array)
#2 C:/Users/USER/Desktop/SMASA/vendor/laravel/framework/src/Illuminate/View/View.php(209): Illuminate/View/Engines/CompilerEngine->get('C://Users//USER//D...', Array)
#3 C:/Users/USER/Desktop/SMASA/vendor/laravel/framework/src/Illuminate/View/View.php(192): Illuminate/View/View->getContents()
#4 C:/Users/USER/Desktop/SMASA/vendor/laravel/framework/src/Illuminate/View/View.php(161): Illuminate/View/View->renderContents()
#5 C:/Users/USER/Desktop/SMASA/vendor/laravel/framework/src/Illuminate/Http/Response.php(79): Illuminate/View/View->render()
#6 C:/Users/USER/Desktop/SMASA/vendor/laravel/framework/src/Illuminate/Http/Response.php(35): Illuminate/Http/Response->setContent(Object(Illuminate/View/View))
#7 C:/Users/USER/Desktop/SMASA/vendor/laravel/framework/src/Illuminate/Routing/Router.php(920): Illuminate/Http/Response->__construct(Object(Illuminate/View/View), 200, Array)
#8 C:/Users/USER/Desktop/SMASA/vendor/laravel/framework/src/Illuminate/Routing/Router.php(887): Illuminate/Routing/Router::toResponse(Object(Illuminate/Http/Request), Object(Illuminate/View/View))
#9 C:/Users/USER/Desktop/SMASA/vendor/laravel/framework/src/Illuminate/Routing/Router.php(807): Illuminate/Routing/Router->prepareResponse(Object(Illuminate/Http/Request), Object(Illuminate/View/View))
#10 C:/Users/USER/Desktop/SMASA/vendor/laravel/framework/src/Illuminate/Pipeline/Pipeline.php(170): Illuminate/Routing/Router->Illuminate/Routing/{closure}(Object(Illuminate/Http/Request))
#11 C:/Users/USER/Desktop/SMASA/app/Http/Middleware/SchoolAuth.php(31): Illuminate/Pipeline/Pipeline->Illuminate/Pipeline/{closure}(Object(Illuminate/Http/Request))
#12 C:/Users/USER/Desktop/SMASA/vendor/laravel/framework/src/Illuminate/Pipeline/Pipeline.php(209): App/Http/Middleware/SchoolAuth->handle(Object(Illuminate/Http/Request), Object(Closure))
#13 C:/Users/USER/Desktop/SMASA/vendor/mcamara/laravel-localization/src/Mcamara/LaravelLocalization/Middleware/LaravelLocalizationRedirectFilter.php(45): Illuminate/Pipeline/Pipeline->Illuminate/Pipeline/{closure}(Object(Illuminate/Http/Request))
#14 C:/Users/USER/Desktop/SMASA/vendor/laravel/framework/src/Illuminate/Pipeline/Pipeline.php(209): Mcamara/LaravelLocalization/Middleware/LaravelLocalizationRedirectFilter->handle(Object(Illuminate/Http/Request), Object(Closure))
#15 C:/Users/USER/Desktop/SMASA/vendor/mcamara/laravel-localization/src/Mcamara/LaravelLocalization/Middleware/LaravelLocalizationRoutes.php(30): Illuminate/Pipeline/Pipeline->Illuminate/Pipeline/{closure}(Object(Illuminate/Http/Request))
#16 C:/Users/USER/Desktop/SMASA/vendor/laravel/framework/src/Illuminate/Pipeline/Pipeline.php(209): Mcamara/LaravelLocalization/Middleware/LaravelLocalizationRoutes->handle(Object(Illuminate/Http/Request), Object(Closure))
#17 C:/Users/USER/Desktop/SMASA/vendor/laravel/framework/src/Illuminate/Routing/Middleware/SubstituteBindings.php(51): Illuminate/Pipeline/Pipeline->Illuminate/Pipeline/{closure}(Object(Illuminate/Http/Request))
#18 C:/Users/USER/Desktop/SMASA/vendor/laravel/framework/src/Illuminate/Pipeline/Pipeline.php(209): Illuminate/Routing/Middleware/SubstituteBindings->handle(Object(Illuminate/Http/Request), Object(Closure))
#19 C:/Users/USER/Desktop/SMASA/vendor/laravel/framework/src/Illuminate/Foundation/Http/Middleware/VerifyCsrfToken.php(88): Illuminate/Pipeline/Pipeline->Illuminate/Pipeline/{closure}(Object(Illuminate/Http/Request))
#20 C:/Users/USER/Desktop/SMASA/vendor/laravel/framework/src/Illuminate/Pipeline/Pipeline.php(209): Illuminate/Foundation/Http/Middleware/VerifyCsrfToken->handle(Object(Illuminate/Http/Request), Object(Closure))
#21 C:/Users/USER/Desktop/SMASA/vendor/laravel/framework/src/Illuminate/View/Middleware/ShareErrorsFromSession.php(49): Illuminate/Pipeline/Pipeline->Illuminate/Pipeline/{closure}(Object(Illuminate/Http/Request))
#22 C:/Users/USER/Desktop/SMASA/vendor/laravel/framework/src/Illuminate/Pipeline/Pipeline.php(209): Illuminate/View/Middleware/ShareErrorsFromSession->handle(Object(Illuminate/Http/Request), Object(Closure))
#23 C:/Users/USER/Desktop/SMASA/vendor/laravel/framework/src/Illuminate/Session/Middleware/StartSession.php(121): Illuminate/Pipeline/Pipeline->Illuminate/Pipeline/{closure}(Object(Illuminate/Http/Request))
#24 C:/Users/USER/Desktop/SMASA/vendor/laravel/framework/src/Illuminate/Session/Middleware/StartSession.php(64): Illuminate/Session/Middleware/StartSession->handleStatefulRequest(Object(Illuminate/Http/Request), Object(Illuminate/Session/Store), Object(Closure))
#25 C:/Users/USER/Desktop/SMASA/vendor/laravel/framework/src/Illuminate/Pipeline/Pipeline.php(209): Illuminate/Session/Middleware/StartSession->handle(Object(Illuminate/Http/Request), Object(Closure))
#26 C:/Users/USER/Desktop/SMASA/vendor/laravel/framework/src/Illuminate/Cookie/Middleware/AddQueuedCookiesToResponse.php(37): Illuminate/Pipeline/Pipeline->Illuminate/Pipeline/{closure}(Object(Illuminate/Http/Request))
#27 C:/Users/USER/Desktop/SMASA/vendor/laravel/framework/src/Illuminate/Pipeline/Pipeline.php(209): Illuminate/Cookie/Middleware/AddQueuedCookiesToResponse->handle(Object(Illuminate/Http/Request), Object(Closure))
#28 C:/Users/USER/Desktop/SMASA/vendor/laravel/framework/src/Illuminate/Cookie/Middleware/EncryptCookies.php(75): Illuminate/Pipeline/Pipeline->Illuminate/Pipeline/{closure}(Object(Illuminate/Http/Request))
#29 C:/Users/USER/Desktop/SMASA/vendor/laravel/framework/src/Illuminate/Pipeline/Pipeline.php(209): Illuminate/Cookie/Middleware/EncryptCookies->handle(Object(Illuminate/Http/Request), Object(Closure))
#30 C:/Users/USER/Desktop/SMASA/vendor/laravel/framework/src/Illuminate/Pipeline/Pipeline.php(127): Illuminate/Pipeline/Pipeline->Illuminate/Pipeline/{closure}(Object(Illuminate/Http/Request))
#31 C:/Users/USER/Desktop/SMASA/vendor/laravel/framework/src/Illuminate/Routing/Router.php(807): Illuminate/Pipeline/Pipeline->then(Object(Closure))
#32 C:/Users/USER/Desktop/SMASA/vendor/laravel/framework/src/Illuminate/Routing/Router.php(786): Illuminate/Routing/Router->runRouteWithinStack(Object(Illuminate/Routing/Route), Object(Illuminate/Http/Request))
#33 C:/Users/USER/Desktop/SMASA/vendor/laravel/framework/src/Illuminate/Routing/Router.php(750): Illuminate/Routing/Router->runRoute(Object(Illuminate/Http/Request), Object(Illuminate/Routing/Route))
#34 C:/Users/USER/Desktop/SMASA/vendor/laravel/framework/src/Illuminate/Routing/Router.php(739): Illuminate/Routing/Router->dispatchToRoute(Object(Illuminate/Http/Request))
#35 C:/Users/USER/Desktop/SMASA/vendor/laravel/framework/src/Illuminate/Foundation/Http/Kernel.php(201): Illuminate/Routing/Router->dispatch(Object(Illuminate/Http/Request))
#36 C:/Users/USER/Desktop/SMASA/vendor/laravel/framework/src/Illuminate/Pipeline/Pipeline.php(170): Illuminate/Foundation/Http/Kernel->Illuminate/Foundation/Http/{closure}(Object(Illuminate/Http/Request))
#37 C:/Users/USER/Desktop/SMASA/vendor/laravel/framework/src/Illuminate/Foundation/Http/Middleware/TransformsRequest.php(21): Illuminate/Pipeline/Pipeline->Illuminate/Pipeline/{closure}(Object(Illuminate/Http/Request))
#38 C:/Users/USER/Desktop/SMASA/vendor/laravel/framework/src/Illuminate/Foundation/Http/Middleware/ConvertEmptyStringsToNull.php(31): Illuminate/Foundation/Http/Middleware/TransformsRequest->handle(Object(Illuminate/Http/Request), Object(Closure))
#39 C:/Users/USER/Desktop/SMASA/vendor/laravel/framework/src/Illuminate/Pipeline/Pipeline.php(209): Illuminate/Foundation/Http/Middleware/ConvertEmptyStringsToNull->handle(Object(Illuminate/Http/Request), Object(Closure))
#40 C:/Users/USER/Desktop/SMASA/vendor/laravel/framework/src/Illuminate/Foundation/Http/Middleware/TransformsRequest.php(21): Illuminate/Pipeline/Pipeline->Illuminate/Pipeline/{closure}(Object(Illuminate/Http/Request))
#41 C:/Users/USER/Desktop/SMASA/vendor/laravel/framework/src/Illuminate/Foundation/Http/Middleware/TrimStrings.php(51): Illuminate/Foundation/Http/Middleware/TransformsRequest->handle(Object(Illuminate/Http/Request), Object(Closure))
#42 C:/Users/USER/Desktop/SMASA/vendor/laravel/framework/src/Illuminate/Pipeline/Pipeline.php(209): Illuminate/Foundation/Http/Middleware/TrimStrings->handle(Object(Illuminate/Http/Request), Object(Closure))
#43 C:/Users/USER/Desktop/SMASA/vendor/laravel/framework/src/Illuminate/Http/Middleware/ValidatePostSize.php(27): Illuminate/Pipeline/Pipeline->Illuminate/Pipeline/{closure}(Object(Illuminate/Http/Request))
#44 C:/Users/USER/Desktop/SMASA/vendor/laravel/framework/src/Illuminate/Pipeline/Pipeline.php(209): Illuminate/Http/Middleware/ValidatePostSize->handle(Object(Illuminate/Http/Request), Object(Closure))
#45 C:/Users/USER/Desktop/SMASA/vendor/laravel/framework/src/Illuminate/Foundation/Http/Middleware/PreventRequestsDuringMaintenance.php(110): Illuminate/Pipeline/Pipeline->Illuminate/Pipeline/{closure}(Object(Illuminate/Http/Request))
#46 C:/Users/USER/Desktop/SMASA/vendor/laravel/framework/src/Illuminate/Pipeline/Pipeline.php(209): Illuminate/Foundation/Http/Middleware/PreventRequestsDuringMaintenance->handle(Object(Illuminate/Http/Request), Object(Closure))
#47 C:/Users/USER/Desktop/SMASA/vendor/laravel/framework/src/Illuminate/Http/Middleware/HandleCors.php(49): Illuminate/Pipeline/Pipeline->Illuminate/Pipeline/{closure}(Object(Illuminate/Http/Request))
#48 C:/Users/USER/Desktop/SMASA/vendor/laravel/framework/src/Illuminate/Pipeline/Pipeline.php(209): Illuminate/Http/Middleware/HandleCors->handle(Object(Illuminate/Http/Request), Object(Closure))
#49 C:/Users/USER/Desktop/SMASA/vendor/laravel/framework/src/Illuminate/Http/Middleware/TrustProxies.php(58): Illuminate/Pipeline/Pipeline->Illuminate/Pipeline/{closure}(Object(Illuminate/Http/Request))
#50 C:/Users/USER/Desktop/SMASA/vendor/laravel/framework/src/Illuminate/Pipeline/Pipeline.php(209): Illuminate/Http/Middleware/TrustProxies->handle(Object(Illuminate/Http/Request), Object(Closure))
#51 C:/Users/USER/Desktop/SMASA/vendor/laravel/framework/src/Illuminate/Pipeline/Pipeline.php(127): Illuminate/Pipeline/Pipeline->Illuminate/Pipeline/{closure}(Object(Illuminate/Http/Request))
#52 C:/Users/USER/Desktop/SMASA/vendor/laravel/framework/src/Illuminate/Foundation/Http/Kernel.php(176): Illuminate/Pipeline/Pipeline->then(Object(Closure))
#53 C:/Users/USER/Desktop/SMASA/vendor/laravel/framework/src/Illuminate/Foundation/Http/Kernel.php(145): Illuminate/Foundation/Http/Kernel->sendRequestThroughRouter(Object(Illuminate/Http/Request))
#54 C:/Users/USER/Desktop/SMASA/public/index.php(58): Illuminate/Foundation/Http/Kernel->handle(Object(Illuminate/Http/Request))
#55 C:/Users/USER/Desktop/SMASA/server.php(25): require_once('C://Users//USER//D...')
#56 {main}

[previous exception] [object] (Error(code: 0): Class \"App\\Models\\ClassStream\" not found at C:/Users/USER/Desktop/SMASA/storage/framework/views/ddeea62c6ac403037541fa3597743472.php:447)
[stacktrace]
#0 C:/Users/USER/Desktop/SMASA/vendor/laravel/framework/src/Illuminate/Filesystem/Filesystem.php(123): require()
#1 C:/Users/USER/Desktop/SMASA/vendor/laravel/framework/src/Illuminate/Filesystem/Filesystem.php(124): Illuminate/Filesystem/Filesystem::Illuminate/Filesystem/{closure}()
#2 C:/Users/USER/Desktop/SMASA/vendor/laravel/framework/src/Illuminate/View/Engines/PhpEngine.php(58): Illuminate/Filesystem/Filesystem->getRequire('C://Users//USER//D...', Array)
#3 C:/Users/USER/Desktop/SMASA/vendor/laravel/framework/src/Illuminate/View/Engines/CompilerEngine.php(75): Illuminate/View/Engines/PhpEngine->evaluatePath('C://Users//USER//D...', Array)
#4 C:/Users/USER/Desktop/SMASA/vendor/laravel/framework/src/Illuminate/View/View.php(209): Illuminate/View/Engines/CompilerEngine->get('C://Users//USER//D...', Array)
#5 C:/Users/USER/Desktop/SMASA/vendor/laravel/framework/src/Illuminate/View/View.php(192): Illuminate/View/View->getContents()
#6 C:/Users/USER/Desktop/SMASA/vendor/laravel/framework/src/Illuminate/View/View.php(161): Illuminate/View/View->renderContents()
#7 C:/Users/USER/Desktop/SMASA/vendor/laravel/framework/src/Illuminate/Http/Response.php(79): Illuminate/View/View->render()
#8 C:/Users/USER/Desktop/SMASA/vendor/laravel/framework/src/Illuminate/Http/Response.php(35): Illuminate/Http/Response->setContent(Object(Illuminate/View/View))
#9 C:/Users/USER/Desktop/SMASA/vendor/laravel/framework/src/Illuminate/Routing/Router.php(920): Illuminate/Http/Response->__construct(Object(Illuminate/View/View), 200, Array)
#10 C:/Users/USER/Desktop/SMASA/vendor/laravel/framework/src/Illuminate/Routing/Router.php(887): Illuminate/Routing/Router::toResponse(Object(Illuminate/Http/Request), Object(Illuminate/View/View))
#11 C:/Users/USER/Desktop/SMASA/vendor/laravel/framework/src/Illuminate/Routing/Router.php(807): Illuminate/Routing/Router->prepareResponse(Object(Illuminate/Http/Request), Object(Illuminate/View/View))
#12 C:/Users/USER/Desktop/SMASA/vendor/laravel/framework/src/Illuminate/Pipeline/Pipeline.php(170): Illuminate/Routing/Router->Illuminate/Routing/{closure}(Object(Illuminate/Http/Request))
#13 C:/Users/USER/Desktop/SMASA/app/Http/Middleware/SchoolAuth.php(31): Illuminate/Pipeline/Pipeline->Illuminate/Pipeline/{closure}(Object(Illuminate/Http/Request))
#14 C:/Users/USER/Desktop/SMASA/vendor/laravel/framework/src/Illuminate/Pipeline/Pipeline.php(209): App/Http/Middleware/SchoolAuth->handle(Object(Illuminate/Http/Request), Object(Closure))
#15 C:/Users/USER/Desktop/SMASA/vendor/mcamara/laravel-localization/src/Mcamara/LaravelLocalization/Middleware/LaravelLocalizationRedirectFilter.php(45): Illuminate/Pipeline/Pipeline->Illuminate/Pipeline/{closure}(Object(Illuminate/Http/Request))
#16 C:/Users/USER/Desktop/SMASA/vendor/laravel/framework/src/Illuminate/Pipeline/Pipeline.php(209): Mcamara/LaravelLocalization/Middleware/LaravelLocalizationRedirectFilter->handle(Object(Illuminate/Http/Request), Object(Closure))
#17 C:/Users/USER/Desktop/SMASA/vendor/mcamara/laravel-localization/src/Mcamara/LaravelLocalization/Middleware/LaravelLocalizationRoutes.php(30): Illuminate/Pipeline/Pipeline->Illuminate/Pipeline/{closure}(Object(Illuminate/Http/Request))
#18 C:/Users/USER/Desktop/SMASA/vendor/laravel/framework/src/Illuminate/Pipeline/Pipeline.php(209): Mcamara/LaravelLocalization/Middleware/LaravelLocalizationRoutes->handle(Object(Illuminate/Http/Request), Object(Closure))
#19 C:/Users/USER/Desktop/SMASA/vendor/laravel/framework/src/Illuminate/Routing/Middleware/SubstituteBindings.php(51): Illuminate/Pipeline/Pipeline->Illuminate/Pipeline/{closure}(Object(Illuminate/Http/Request))
#20 C:/Users/USER/Desktop/SMASA/vendor/laravel/framework/src/Illuminate/Pipeline/Pipeline.php(209): Illuminate/Routing/Middleware/SubstituteBindings->handle(Object(Illuminate/Http/Request), Object(Closure))
#21 C:/Users/USER/Desktop/SMASA/vendor/laravel/framework/src/Illuminate/Foundation/Http/Middleware/VerifyCsrfToken.php(88): Illuminate/Pipeline/Pipeline->Illuminate/Pipeline/{closure}(Object(Illuminate/Http/Request))
#22 C:/Users/USER/Desktop/SMASA/vendor/laravel/framework/src/Illuminate/Pipeline/Pipeline.php(209): Illuminate/Foundation/Http/Middleware/VerifyCsrfToken->handle(Object(Illuminate/Http/Request), Object(Closure))
#23 C:/Users/USER/Desktop/SMASA/vendor/laravel/framework/src/Illuminate/View/Middleware/ShareErrorsFromSession.php(49): Illuminate/Pipeline/Pipeline->Illuminate/Pipeline/{closure}(Object(Illuminate/Http/Request))
#24 C:/Users/USER/Desktop/SMASA/vendor/laravel/framework/src/Illuminate/Pipeline/Pipeline.php(209): Illuminate/View/Middleware/ShareErrorsFromSession->handle(Object(Illuminate/Http/Request), Object(Closure))
#25 C:/Users/USER/Desktop/SMASA/vendor/laravel/framework/src/Illuminate/Session/Middleware/StartSession.php(121): Illuminate/Pipeline/Pipeline->Illuminate/Pipeline/{closure}(Object(Illuminate/Http/Request))
#26 C:/Users/USER/Desktop/SMASA/vendor/laravel/framework/src/Illuminate/Session/Middleware/StartSession.php(64): Illuminate/Session/Middleware/StartSession->handleStatefulRequest(Object(Illuminate/Http/Request), Object(Illuminate/Session/Store), Object(Closure))
#27 C:/Users/USER/Desktop/SMASA/vendor/laravel/framework/src/Illuminate/Pipeline/Pipeline.php(209): Illuminate/Session/Middleware/StartSession->handle(Object(Illuminate/Http/Request), Object(Closure))
#28 C:/Users/USER/Desktop/SMASA/vendor/laravel/framework/src/Illuminate/Cookie/Middleware/AddQueuedCookiesToResponse.php(37): Illuminate/Pipeline/Pipeline->Illuminate/Pipeline/{closure}(Object(Illuminate/Http/Request))
#29 C:/Users/USER/Desktop/SMASA/vendor/laravel/framework/src/Illuminate/Pipeline/Pipeline.php(209): Illuminate/Cookie/Middleware/AddQueuedCookiesToResponse->handle(Object(Illuminate/Http/Request), Object(Closure))
#30 C:/Users/USER/Desktop/SMASA/vendor/laravel/framework/src/Illuminate/Cookie/Middleware/EncryptCookies.php(75): Illuminate/Pipeline/Pipeline->Illuminate/Pipeline/{closure}(Object(Illuminate/Http/Request))
#31 C:/Users/USER/Desktop/SMASA/vendor/laravel/framework/src/Illuminate/Pipeline/Pipeline.php(209): Illuminate/Cookie/Middleware/EncryptCookies->handle(Object(Illuminate/Http/Request), Object(Closure))
#32 C:/Users/USER/Desktop/SMASA/vendor/laravel/framework/src/Illuminate/Pipeline/Pipeline.php(127): Illuminate/Pipeline/Pipeline->Illuminate/Pipeline/{closure}(Object(Illuminate/Http/Request))
#33 C:/Users/USER/Desktop/SMASA/vendor/laravel/framework/src/Illuminate/Routing/Router.php(807): Illuminate/Pipeline/Pipeline->then(Object(Closure))
#34 C:/Users/USER/Desktop/SMASA/vendor/laravel/framework/src/Illuminate/Routing/Router.php(786): Illuminate/Routing/Router->runRouteWithinStack(Object(Illuminate/Routing/Route), Object(Illuminate/Http/Request))
#35 C:/Users/USER/Desktop/SMASA/vendor/laravel/framework/src/Illuminate/Routing/Router.php(750): Illuminate/Routing/Router->runRoute(Object(Illuminate/Http/Request), Object(Illuminate/Routing/Route))
#36 C:/Users/USER/Desktop/SMASA/vendor/laravel/framework/src/Illuminate/Routing/Router.php(739): Illuminate/Routing/Router->dispatchToRoute(Object(Illuminate/Http/Request))
#37 C:/Users/USER/Desktop/SMASA/vendor/laravel/framework/src/Illuminate/Foundation/Http/Kernel.php(201): Illuminate/Routing/Router->dispatch(Object(Illuminate/Http/Request))
#38 C:/Users/USER/Desktop/SMASA/vendor/laravel/framework/src/Illuminate/Pipeline/Pipeline.php(170): Illuminate/Foundation/Http/Kernel->Illuminate/Foundation/Http/{closure}(Object(Illuminate/Http/Request))
#39 C:/Users/USER/Desktop/SMASA/vendor/laravel/framework/src/Illuminate/Foundation/Http/Middleware/TransformsRequest.php(21): Illuminate/Pipeline/Pipeline->Illuminate/Pipeline/{closure}(Object(Illuminate/Http/Request))
#40 C:/Users/USER/Desktop/SMASA/vendor/laravel/framework/src/Illuminate/Foundation/Http/Middleware/ConvertEmptyStringsToNull.php(31): Illuminate/Foundation/Http/Middleware/TransformsRequest->handle(Object(Illuminate/Http/Request), Object(Closure))
#41 C:/Users/USER/Desktop/SMASA/vendor/laravel/framework/src/Illuminate/Pipeline/Pipeline.php(209): Illuminate/Foundation/Http/Middleware/ConvertEmptyStringsToNull->handle(Object(Illuminate/Http/Request), Object(Closure))
#42 C:/Users/USER/Desktop/SMASA/vendor/laravel/framework/src/Illuminate/Foundation/Http/Middleware/TransformsRequest.php(21): Illuminate/Pipeline/Pipeline->Illuminate/Pipeline/{closure}(Object(Illuminate/Http/Request))
#43 C:/Users/USER/Desktop/SMASA/vendor/laravel/framework/src/Illuminate/Foundation/Http/Middleware/TrimStrings.php(51): Illuminate/Foundation/Http/Middleware/TransformsRequest->handle(Object(Illuminate/Http/Request), Object(Closure))
#44 C:/Users/USER/Desktop/SMASA/vendor/laravel/framework/src/Illuminate/Pipeline/Pipeline.php(209): Illuminate/Foundation/Http/Middleware/TrimStrings->handle(Object(Illuminate/Http/Request), Object(Closure))
#45 C:/Users/USER/Desktop/SMASA/vendor/laravel/framework/src/Illuminate/Http/Middleware/ValidatePostSize.php(27): Illuminate/Pipeline/Pipeline->Illuminate/Pipeline/{closure}(Object(Illuminate/Http/Request))
#46 C:/Users/USER/Desktop/SMASA/vendor/laravel/framework/src/Illuminate/Pipeline/Pipeline.php(209): Illuminate/Http/Middleware/ValidatePostSize->handle(Object(Illuminate/Http/Request), Object(Closure))
#47 C:/Users/USER/Desktop/SMASA/vendor/laravel/framework/src/Illuminate/Foundation/Http/Middleware/PreventRequestsDuringMaintenance.php(110): Illuminate/Pipeline/Pipeline->Illuminate/Pipeline/{closure}(Object(Illuminate/Http/Request))
#48 C:/Users/USER/Desktop/SMASA/vendor/laravel/framework/src/Illuminate/Pipeline/Pipeline.php(209): Illuminate/Foundation/Http/Middleware/PreventRequestsDuringMaintenance->handle(Object(Illuminate/Http/Request), Object(Closure))
#49 C:/Users/USER/Desktop/SMASA/vendor/laravel/framework/src/Illuminate/Http/Middleware/HandleCors.php(49): Illuminate/Pipeline/Pipeline->Illuminate/Pipeline/{closure}(Object(Illuminate/Http/Request))
#50 C:/Users/USER/Desktop/SMASA/vendor/laravel/framework/src/Illuminate/Pipeline/Pipeline.php(209): Illuminate/Http/Middleware/HandleCors->handle(Object(Illuminate/Http/Request), Object(Closure))
#51 C:/Users/USER/Desktop/SMASA/vendor/laravel/framework/src/Illuminate/Http/Middleware/TrustProxies.php(58): Illuminate/Pipeline/Pipeline->Illuminate/Pipeline/{closure}(Object(Illuminate/Http/Request))
#52 C:/Users/USER/Desktop/SMASA/vendor/laravel/framework/src/Illuminate/Pipeline/Pipeline.php(209): Illuminate/Http/Middleware/TrustProxies->handle(Object(Illuminate/Http/Request), Object(Closure))
#53 C:/Users/USER/Desktop/SMASA/vendor/laravel/framework/src/Illuminate/Pipeline/Pipeline.php(127): Illuminate/Pipeline/Pipeline->Illuminate/Pipeline/{closure}(Object(Illuminate/Http/Request))
#54 C:/Users/USER/Desktop/SMASA/vendor/laravel/framework/src/Illuminate/Foundation/Http/Kernel.php(176): Illuminate/Pipeline/Pipeline->then(Object(Closure))
#55 C:/Users/USER/Desktop/SMASA/vendor/laravel/framework/src/Illuminate/Foundation/Http/Kernel.php(145): Illuminate/Foundation/Http/Kernel->sendRequestThroughRouter(Object(Illuminate/Http/Request))
#56 C:/Users/USER/Desktop/SMASA/public/index.php(58): Illuminate/Foundation/Http/Kernel->handle(Object(Illuminate/Http/Request))
#57 C:/Users/USER/Desktop/SMASA/server.php(25): require_once('C://Users//USER//D...')
#58 {main}
"} 
[2026-08-02 16:09:29] local.INFO: Push subscription request received {"admin_session":false,"teacher_session":true,"endpoint":true,"public_key":true,"auth_token":true} 
[2026-08-02 16:09:29] local.INFO: Push subscription saved successfully {"model":"Teacher","id":47} 
[2026-08-02 16:10:26] local.INFO: Push subscription request received {"admin_session":false,"teacher_session":true,"endpoint":true,"public_key":true,"auth_token":true} 
[2026-08-02 16:10:26] local.INFO: Push subscription saved successfully {"model":"Teacher","id":47} 
[2026-08-02 16:10:33] local.INFO: Push subscription request received {"admin_session":false,"teacher_session":true,"endpoint":true,"public_key":true,"auth_token":true} 
[2026-08-02 16:10:33] local.INFO: Push subscription saved successfully {"model":"Teacher","id":47} 
[2026-08-02 16:11:05] local.INFO: Push subscription request received {"admin_session":false,"teacher_session":true,"endpoint":true,"public_key":true,"auth_token":true} 
[2026-08-02 16:11:05] local.INFO: Push subscription saved successfully {"model":"Teacher","id":47} 
[2026-08-02 16:11:23] local.INFO: Push subscription request received {"admin_session":false,"teacher_session":true,"endpoint":true,"public_key":true,"auth_token":true} 
[2026-08-02 16:11:23] local.INFO: Push subscription saved successfully {"model":"Teacher","id":47} 
[2026-08-02 16:11:28] local.INFO: Push subscription request received {"admin_session":false,"teacher_session":true,"endpoint":true,"public_key":true,"auth_token":true} 
[2026-08-02 16:11:28] local.INFO: Push subscription saved successfully {"model":"Teacher","id":47} 
[2026-08-02 16:11:33] local.INFO: Push subscription request received {"admin_session":false,"teacher_session":true,"endpoint":true,"public_key":true,"auth_token":true} 
[2026-08-02 16:11:33] local.INFO: Push subscription saved successfully {"model":"Teacher","id":47} 
[2026-08-02 16:12:43] local.INFO: Push subscription request received {"admin_session":false,"teacher_session":true,"endpoint":true,"public_key":true,"auth_token":true} 
[2026-08-02 16:12:43] local.INFO: Push subscription saved successfully {"model":"Teacher","id":47} 
[2026-08-02 16:12:50] local.INFO: Push subscription request received {"admin_session":false,"teacher_session":true,"endpoint":true,"public_key":true,"auth_token":true} 
[2026-08-02 16:12:50] local.INFO: Push subscription saved successfully {"model":"Teacher","id":47} 
[2026-08-02 16:12:58] local.INFO: Push subscription request received {"admin_session":false,"teacher_session":true,"endpoint":true,"public_key":true,"auth_token":true} 
[2026-08-02 16:12:58] local.INFO: Push subscription saved successfully {"model":"Teacher","id":47} 
[2026-08-02 16:13:01] local.INFO: Push subscription request received {"admin_session":false,"teacher_session":true,"endpoint":true,"public_key":true,"auth_token":true} 
[2026-08-02 16:13:01] local.INFO: Push subscription saved successfully {"model":"Teacher","id":47} 
[2026-08-02 16:13:13] local.INFO: Push subscription request received {"admin_session":false,"teacher_session":true,"endpoint":true,"public_key":true,"auth_token":true} 
[2026-08-02 16:13:13] local.INFO: Push subscription saved successfully {"model":"Teacher","id":47} 
[2026-08-02 16:13:26] local.INFO: Push subscription request received {"admin_session":false,"teacher_session":true,"endpoint":true,"public_key":true,"auth_token":true} 
[2026-08-02 16:13:26] local.INFO: Push subscription saved successfully {"model":"Teacher","id":47} 
[2026-08-02 16:13:35] local.INFO: Push subscription request received {"admin_session":false,"teacher_session":true,"endpoint":true,"public_key":true,"auth_token":true} 
[2026-08-02 16:13:35] local.INFO: Push subscription saved successfully {"model":"Teacher","id":47} 
[2026-08-02 16:13:51] local.INFO: Push subscription request received {"admin_session":false,"teacher_session":true,"endpoint":true,"public_key":true,"auth_token":true} 
[2026-08-02 16:13:51] local.INFO: Push subscription saved successfully {"model":"Teacher","id":47} 
[2026-08-02 16:14:04] local.INFO: Push subscription request received {"admin_session":false,"teacher_session":true,"endpoint":true,"public_key":true,"auth_token":true} 
[2026-08-02 16:14:04] local.INFO: Push subscription saved successfully {"model":"Teacher","id":47} 
[2026-08-02 16:14:27] local.INFO: Push subscription request received {"admin_session":false,"teacher_session":true,"endpoint":true,"public_key":true,"auth_token":true} 
[2026-08-02 16:14:27] local.INFO: Push subscription saved successfully {"model":"Teacher","id":47} 
[2026-08-02 16:14:51] local.INFO: Push subscription request received {"admin_session":false,"teacher_session":true,"endpoint":true,"public_key":true,"auth_token":true} 
[2026-08-02 16:14:51] local.INFO: Push subscription saved successfully {"model":"Teacher","id":47} 
[2026-08-02 16:14:54] local.INFO: Push subscription request received {"admin_session":false,"teacher_session":true,"endpoint":true,"public_key":true,"auth_token":true} 
[2026-08-02 16:14:54] local.INFO: Push subscription saved successfully {"model":"Teacher","id":47} 
[2026-08-02 16:14:58] local.INFO: Push subscription request received {"admin_session":false,"teacher_session":true,"endpoint":true,"public_key":true,"auth_token":true} 
[2026-08-02 16:14:58] local.INFO: Push subscription saved successfully {"model":"Teacher","id":47} 
[2026-08-02 16:15:14] local.INFO: Push subscription request received {"admin_session":false,"teacher_session":true,"endpoint":true,"public_key":true,"auth_token":true} 
[2026-08-02 16:15:14] local.INFO: Push subscription saved successfully {"model":"Teacher","id":47} 
[2026-08-02 16:15:16] local.INFO: Push subscription request received {"admin_session":false,"teacher_session":true,"endpoint":true,"public_key":true,"auth_token":true} 
[2026-08-02 16:15:16] local.INFO: Push subscription saved successfully {"model":"Teacher","id":47} 
[2026-08-02 16:41:25] local.INFO: Push subscription request received {"admin_session":false,"teacher_session":true,"endpoint":true,"public_key":true,"auth_token":true} 
[2026-08-02 16:41:25] local.INFO: Push subscription saved successfully {"model":"Teacher","id":47} 
[2026-08-02 16:42:08] local.INFO: Push subscription request received {"admin_session":false,"teacher_session":true,"endpoint":true,"public_key":true,"auth_token":true} 
[2026-08-02 16:42:08] local.INFO: Push subscription saved successfully {"model":"Teacher","id":47} 
[2026-08-02 16:42:36] local.INFO: Push subscription request received {"admin_session":false,"teacher_session":true,"endpoint":true,"public_key":true,"auth_token":true} 
[2026-08-02 16:42:36] local.INFO: Push subscription saved successfully {"model":"Teacher","id":47} 
[2026-08-02 16:42:47] local.INFO: Push subscription request received {"admin_session":false,"teacher_session":true,"endpoint":true,"public_key":true,"auth_token":true} 
[2026-08-02 16:42:47] local.INFO: Push subscription saved successfully {"model":"Teacher","id":47} 
[2026-08-02 16:42:55] local.INFO: Push subscription request received {"admin_session":false,"teacher_session":true,"endpoint":true,"public_key":true,"auth_token":true} 
[2026-08-02 16:42:55] local.INFO: Push subscription saved successfully {"model":"Teacher","id":47} 
[2026-08-02 16:43:25] local.INFO: Push subscription request received {"admin_session":false,"teacher_session":true,"endpoint":true,"public_key":true,"auth_token":true} 
[2026-08-02 16:43:25] local.INFO: Push subscription saved successfully {"model":"Teacher","id":47} 
[2026-08-02 16:43:54] local.INFO: Push subscription request received {"admin_session":false,"teacher_session":true,"endpoint":true,"public_key":true,"auth_token":true} 
[2026-08-02 16:43:54] local.INFO: Push subscription saved successfully {"model":"Teacher","id":47} 
[2026-08-02 16:44:10] local.INFO: Push subscription request received {"admin_session":false,"teacher_session":true,"endpoint":true,"public_key":true,"auth_token":true} 
[2026-08-02 16:44:10] local.INFO: Push subscription saved successfully {"model":"Teacher","id":47} 
[2026-08-02 16:44:26] local.INFO: Push subscription request received {"admin_session":false,"teacher_session":true,"endpoint":true,"public_key":true,"auth_token":true} 
[2026-08-02 16:44:26] local.INFO: Push subscription saved successfully {"model":"Teacher","id":47} 
[2026-08-02 16:44:53] local.INFO: Push subscription request received {"admin_session":false,"teacher_session":true,"endpoint":true,"public_key":true,"auth_token":true} 
[2026-08-02 16:44:53] local.INFO: Push subscription saved successfully {"model":"Teacher","id":47} 
[2026-08-02 16:45:05] local.INFO: Push subscription request received {"admin_session":false,"teacher_session":true,"endpoint":true,"public_key":true,"auth_token":true} 
[2026-08-02 16:45:05] local.INFO: Push subscription saved successfully {"model":"Teacher","id":47} 
[2026-08-02 16:45:17] local.INFO: Push subscription request received {"admin_session":false,"teacher_session":true,"endpoint":true,"public_key":true,"auth_token":true} 
[2026-08-02 16:45:17] local.INFO: Push subscription saved successfully {"model":"Teacher","id":47} 
[2026-08-02 16:45:28] local.INFO: Push subscription request received {"admin_session":false,"teacher_session":true,"endpoint":true,"public_key":true,"auth_token":true} 
[2026-08-02 16:45:28] local.INFO: Push subscription saved successfully {"model":"Teacher","id":47} 
[2026-08-02 16:47:31] local.INFO: Push subscription request received {"admin_session":false,"teacher_session":true,"endpoint":true,"public_key":true,"auth_token":true} 
[2026-08-02 16:47:31] local.INFO: Push subscription saved successfully {"model":"Teacher","id":47} 
[2026-08-02 16:47:33] local.INFO: Push subscription request received {"admin_session":false,"teacher_session":true,"endpoint":true,"public_key":true,"auth_token":true} 
[2026-08-02 16:47:33] local.INFO: Push subscription saved successfully {"model":"Teacher","id":47} 
[2026-08-02 16:47:39] local.INFO: Push subscription request received {"admin_session":false,"teacher_session":true,"endpoint":true,"public_key":true,"auth_token":true} 
[2026-08-02 16:47:39] local.INFO: Push subscription saved successfully {"model":"Teacher","id":47} 
[2026-08-02 16:47:59] local.INFO: Push subscription request received {"admin_session":false,"teacher_session":true,"endpoint":true,"public_key":true,"auth_token":true} 
[2026-08-02 16:47:59] local.INFO: Push subscription saved successfully {"model":"Teacher","id":47} 
[2026-08-02 16:48:03] local.INFO: Push subscription request received {"admin_session":false,"teacher_session":true,"endpoint":true,"public_key":true,"auth_token":true} 
[2026-08-02 16:48:03] local.INFO: Push subscription saved successfully {"model":"Teacher","id":47} 
[2026-08-02 16:48:17] local.INFO: Push subscription request received {"admin_session":false,"teacher_session":true,"endpoint":true,"public_key":true,"auth_token":true} 
[2026-08-02 16:48:17] local.INFO: Push subscription saved successfully {"model":"Teacher","id":47} 
[2026-08-02 16:48:20] local.INFO: Push subscription request received {"admin_session":false,"teacher_session":true,"endpoint":true,"public_key":true,"auth_token":true} 
[2026-08-02 16:48:20] local.INFO: Push subscription saved successfully {"model":"Teacher","id":47} 
[2026-08-02 16:49:05] local.INFO: Push subscription request received {"admin_session":false,"teacher_session":true,"endpoint":true,"public_key":true,"auth_token":true} 
[2026-08-02 16:49:05] local.INFO: Push subscription saved successfully {"model":"Teacher","id":47} 
[2026-08-02 16:49:38] local.INFO: Push subscription request received {"admin_session":false,"teacher_session":true,"endpoint":true,"public_key":true,"auth_token":true} 
[2026-08-02 16:49:38] local.INFO: Push subscription saved successfully {"model":"Teacher","id":47} 
[2026-08-02 16:50:49] local.INFO: Push subscription request received {"admin_session":false,"teacher_session":true,"endpoint":true,"public_key":true,"auth_token":true} 
[2026-08-02 16:50:49] local.INFO: Push subscription saved successfully {"model":"Teacher","id":47} 
[2026-08-02 16:53:02] local.INFO: Push subscription request received {"admin_session":false,"teacher_session":true,"endpoint":true,"public_key":true,"auth_token":true} 
[2026-08-02 16:53:02] local.INFO: Push subscription saved successfully {"model":"Teacher","id":47} 
[2026-08-02 16:55:52] local.INFO: Push subscription request received {"admin_session":false,"teacher_session":true,"endpoint":true,"public_key":true,"auth_token":true} 
[2026-08-02 16:55:52] local.INFO: Push subscription saved successfully {"model":"Teacher","id":47} 
[2026-08-02 17:19:06] local.INFO: Push subscription request received {"admin_session":false,"teacher_session":true,"endpoint":true,"public_key":true,"auth_token":true} 
[2026-08-02 17:19:06] local.INFO: Push subscription saved successfully {"model":"Teacher","id":47} 
[2026-08-02 17:19:15] local.INFO: Push subscription request received {"admin_session":false,"teacher_session":true,"endpoint":true,"public_key":true,"auth_token":true} 
[2026-08-02 17:19:15] local.INFO: Push subscription saved successfully {"model":"Teacher","id":47} 
[2026-08-02 17:19:26] local.INFO: Push subscription request received {"admin_session":false,"teacher_session":true,"endpoint":true,"public_key":true,"auth_token":true} 
[2026-08-02 17:19:26] local.INFO: Push subscription saved successfully {"model":"Teacher","id":47} 
[2026-08-02 17:20:42] local.INFO: Push subscription request received {"admin_session":false,"teacher_session":true,"endpoint":true,"public_key":true,"auth_token":true} 
[2026-08-02 17:20:42] local.INFO: Push subscription saved successfully {"model":"Teacher","id":47} 
[2026-08-02 17:20:47] local.INFO: Push subscription request received {"admin_session":false,"teacher_session":true,"endpoint":true,"public_key":true,"auth_token":true} 
[2026-08-02 17:20:47] local.INFO: Push subscription saved successfully {"model":"Teacher","id":47} 
[2026-08-02 17:21:23] local.INFO: Push subscription request received {"admin_session":false,"teacher_session":true,"endpoint":true,"public_key":true,"auth_token":true} 
[2026-08-02 17:21:23] local.INFO: Push subscription saved successfully {"model":"Teacher","id":47} 
[2026-08-02 17:21:45] local.INFO: Push subscription request received {"admin_session":false,"teacher_session":true,"endpoint":true,"public_key":true,"auth_token":true} 
[2026-08-02 17:21:45] local.INFO: Push subscription saved successfully {"model":"Teacher","id":47} 
[2026-08-02 17:22:29] local.INFO: Push subscription request received {"admin_session":false,"teacher_session":true,"endpoint":true,"public_key":true,"auth_token":true} 
[2026-08-02 17:22:29] local.INFO: Push subscription saved successfully {"model":"Teacher","id":47} 
[2026-08-02 17:23:47] local.INFO: Push subscription request received {"admin_session":false,"teacher_session":true,"endpoint":true,"public_key":true,"auth_token":true} 
[2026-08-02 17:23:47] local.INFO: Push subscription saved successfully {"model":"Teacher","id":47} 
[2026-08-02 17:25:04] local.INFO: Push subscription request received {"admin_session":false,"teacher_session":true,"endpoint":true,"public_key":true,"auth_token":true} 
[2026-08-02 17:25:04] local.INFO: Push subscription saved successfully {"model":"Teacher","id":47} 
[2026-08-02 17:25:26] local.INFO: Push subscription request received {"admin_session":false,"teacher_session":true,"endpoint":true,"public_key":true,"auth_token":true} 
[2026-08-02 17:25:26] local.INFO: Push subscription saved successfully {"model":"Teacher","id":47} 
[2026-08-02 17:33:04] local.INFO: Push subscription request received {"admin_session":false,"teacher_session":true,"endpoint":true,"public_key":true,"auth_token":true} 
[2026-08-02 17:33:04] local.INFO: Push subscription saved successfully {"model":"Teacher","id":47} 
[2026-08-02 17:33:50] local.INFO: Push subscription request received {"admin_session":false,"teacher_session":true,"endpoint":true,"public_key":true,"auth_token":true} 
[2026-08-02 17:33:50] local.INFO: Push subscription saved successfully {"model":"Teacher","id":47} 
[2026-08-02 17:34:04] local.INFO: Push subscription request received {"admin_session":false,"teacher_session":true,"endpoint":true,"public_key":true,"auth_token":true} 
[2026-08-02 17:34:04] local.INFO: Push subscription saved successfully {"model":"Teacher","id":47} 
[2026-08-02 17:34:07] local.INFO: Push subscription request received {"admin_session":false,"teacher_session":true,"endpoint":true,"public_key":true,"auth_token":true} 
[2026-08-02 17:34:07] local.INFO: Push subscription saved successfully {"model":"Teacher","id":47} 
[2026-08-02 17:38:33] local.ERROR: count(): Argument #1 ($value) must be of type Countable|array, int given {"exception":"[object] (TypeError(code: 0): count(): Argument #1 ($value) must be of type Countable|array, int given at C:/Users/USER/Desktop/SMASA/app/Http/Controllers/ExaminationController.php:90)
[stacktrace]
#0 C:/Users/USER/Desktop/SMASA/app/Http/Controllers/ExaminationController.php(90): count(2)
#1 C:/Users/USER/Desktop/SMASA/vendor/laravel/framework/src/Illuminate/Routing/Controller.php(54): App/Http/Controllers/ExaminationController->create()
#2 C:/Users/USER/Desktop/SMASA/vendor/laravel/framework/src/Illuminate/Routing/ControllerDispatcher.php(44): Illuminate/Routing/Controller->callAction('create', Array)
#3 C:/Users/USER/Desktop/SMASA/vendor/laravel/framework/src/Illuminate/Routing/Route.php(266): Illuminate/Routing/ControllerDispatcher->dispatch(Object(Illuminate/Routing/Route), Object(App/Http/Controllers/ExaminationController), 'create')
#4 C:/Users/USER/Desktop/SMASA/vendor/laravel/framework/src/Illuminate/Routing/Route.php(212): Illuminate/Routing/Route->runController()
#5 C:/Users/USER/Desktop/SMASA/vendor/laravel/framework/src/Illuminate/Routing/Router.php(808): Illuminate/Routing/Route->run()
#6 C:/Users/USER/Desktop/SMASA/vendor/laravel/framework/src/Illuminate/Pipeline/Pipeline.php(170): Illuminate/Routing/Router->Illuminate/Routing/{closure}(Object(Illuminate/Http/Request))
#7 C:/Users/USER/Desktop/SMASA/app/Http/Middleware/SchoolAuth.php(31): Illuminate/Pipeline/Pipeline->Illuminate/Pipeline/{closure}(Object(Illuminate/Http/Request))
#8 C:/Users/USER/Desktop/SMASA/vendor/laravel/framework/src/Illuminate/Pipeline/Pipeline.php(209): App/Http/Middleware/SchoolAuth->handle(Object(Illuminate/Http/Request), Object(Closure))
#9 C:/Users/USER/Desktop/SMASA/vendor/mcamara/laravel-localization/src/Mcamara/LaravelLocalization/Middleware/LaravelLocalizationRedirectFilter.php(45): Illuminate/Pipeline/Pipeline->Illuminate/Pipeline/{closure}(Object(Illuminate/Http/Request))
#10 C:/Users/USER/Desktop/SMASA/vendor/laravel/framework/src/Illuminate/Pipeline/Pipeline.php(209): Mcamara/LaravelLocalization/Middleware/LaravelLocalizationRedirectFilter->handle(Object(Illuminate/Http/Request), Object(Closure))
#11 C:/Users/USER/Desktop/SMASA/vendor/mcamara/laravel-localization/src/Mcamara/LaravelLocalization/Middleware/LaravelLocalizationRoutes.php(30): Illuminate/Pipeline/Pipeline->Illuminate/Pipeline/{closure}(Object(Illuminate/Http/Request))
#12 C:/Users/USER/Desktop/SMASA/vendor/laravel/framework/src/Illuminate/Pipeline/Pipeline.php(209): Mcamara/LaravelLocalization/Middleware/LaravelLocalizationRoutes->handle(Object(Illuminate/Http/Request), Object(Closure))
#13 C:/Users/USER/Desktop/SMASA/vendor/laravel/framework/src/Illuminate/Routing/Middleware/SubstituteBindings.php(51): Illuminate/Pipeline/Pipeline->Illuminate/Pipeline/{closure}(Object(Illuminate/Http/Request))
#14 C:/Users/USER/Desktop/SMASA/vendor/laravel/framework/src/Illuminate/Pipeline/Pipeline.php(209): Illuminate/Routing/Middleware/SubstituteBindings->handle(Object(Illuminate/Http/Request), Object(Closure))
#15 C:/Users/USER/Desktop/SMASA/vendor/laravel/framework/src/Illuminate/Foundation/Http/Middleware/VerifyCsrfToken.php(88): Illuminate/Pipeline/Pipeline->Illuminate/Pipeline/{closure}(Object(Illuminate/Http/Request))
#16 C:/Users/USER/Desktop/SMASA/vendor/laravel/framework/src/Illuminate/Pipeline/Pipeline.php(209): Illuminate/Foundation/Http/Middleware/VerifyCsrfToken->handle(Object(Illuminate/Http/Request), Object(Closure))
#17 C:/Users/USER/Desktop/SMASA/vendor/laravel/framework/src/Illuminate/View/Middleware/ShareErrorsFromSession.php(49): Illuminate/Pipeline/Pipeline->Illuminate/Pipeline/{closure}(Object(Illuminate/Http/Request))
#18 C:/Users/USER/Desktop/SMASA/vendor/laravel/framework/src/Illuminate/Pipeline/Pipeline.php(209): Illuminate/View/Middleware/ShareErrorsFromSession->handle(Object(Illuminate/Http/Request), Object(Closure))
#19 C:/Users/USER/Desktop/SMASA/vendor/laravel/framework/src/Illuminate/Session/Middleware/StartSession.php(121): Illuminate/Pipeline/Pipeline->Illuminate/Pipeline/{closure}(Object(Illuminate/Http/Request))
#20 C:/Users/USER/Desktop/SMASA/vendor/laravel/framework/src/Illuminate/Session/Middleware/StartSession.php(64): Illuminate/Session/Middleware/StartSession->handleStatefulRequest(Object(Illuminate/Http/Request), Object(Illuminate/Session/Store), Object(Closure))
#21 C:/Users/USER/Desktop/SMASA/vendor/laravel/framework/src/Illuminate/Pipeline/Pipeline.php(209): Illuminate/Session/Middleware/StartSession->handle(Object(Illuminate/Http/Request), Object(Closure))
#22 C:/Users/USER/Desktop/SMASA/vendor/laravel/framework/src/Illuminate/Cookie/Middleware/AddQueuedCookiesToResponse.php(37): Illuminate/Pipeline/Pipeline->Illuminate/Pipeline/{closure}(Object(Illuminate/Http/Request))
#23 C:/Users/USER/Desktop/SMASA/vendor/laravel/framework/src/Illuminate/Pipeline/Pipeline.php(209): Illuminate/Cookie/Middleware/AddQueuedCookiesToResponse->handle(Object(Illuminate/Http/Request), Object(Closure))
#24 C:/Users/USER/Desktop/SMASA/vendor/laravel/framework/src/Illuminate/Cookie/Middleware/EncryptCookies.php(75): Illuminate/Pipeline/Pipeline->Illuminate/Pipeline/{closure}(Object(Illuminate/Http/Request))
#25 C:/Users/USER/Desktop/SMASA/vendor/laravel/framework/src/Illuminate/Pipeline/Pipeline.php(209): Illuminate/Cookie/Middleware/EncryptCookies->handle(Object(Illuminate/Http/Request), Object(Closure))
#26 C:/Users/USER/Desktop/SMASA/vendor/laravel/framework/src/Illuminate/Pipeline/Pipeline.php(127): Illuminate/Pipeline/Pipeline->Illuminate/Pipeline/{closure}(Object(Illuminate/Http/Request))
#27 C:/Users/USER/Desktop/SMASA/vendor/laravel/framework/src/Illuminate/Routing/Router.php(807): Illuminate/Pipeline/Pipeline->then(Object(Closure))
#28 C:/Users/USER/Desktop/SMASA/vendor/laravel/framework/src/Illuminate/Routing/Router.php(786): Illuminate/Routing/Router->runRouteWithinStack(Object(Illuminate/Routing/Route), Object(Illuminate/Http/Request))
#29 C:/Users/USER/Desktop/SMASA/vendor/laravel/framework/src/Illuminate/Routing/Router.php(750): Illuminate/Routing/Router->runRoute(Object(Illuminate/Http/Request), Object(Illuminate/Routing/Route))
#30 C:/Users/USER/Desktop/SMASA/vendor/laravel/framework/src/Illuminate/Routing/Router.php(739): Illuminate/Routing/Router->dispatchToRoute(Object(Illuminate/Http/Request))
#31 C:/Users/USER/Desktop/SMASA/vendor/laravel/framework/src/Illuminate/Foundation/Http/Kernel.php(201): Illuminate/Routing/Router->dispatch(Object(Illuminate/Http/Request))
#32 C:/Users/USER/Desktop/SMASA/vendor/laravel/framework/src/Illuminate/Pipeline/Pipeline.php(170): Illuminate/Foundation/Http/Kernel->Illuminate/Foundation/Http/{closure}(Object(Illuminate/Http/Request))
#33 C:/Users/USER/Desktop/SMASA/vendor/laravel/framework/src/Illuminate/Foundation/Http/Middleware/TransformsRequest.php(21): Illuminate/Pipeline/Pipeline->Illuminate/Pipeline/{closure}(Object(Illuminate/Http/Request))
#34 C:/Users/USER/Desktop/SMASA/vendor/laravel/framework/src/Illuminate/Foundation/Http/Middleware/ConvertEmptyStringsToNull.php(31): Illuminate/Foundation/Http/Middleware/TransformsRequest->handle(Object(Illuminate/Http/Request), Object(Closure))
#35 C:/Users/USER/Desktop/SMASA/vendor/laravel/framework/src/Illuminate/Pipeline/Pipeline.php(209): Illuminate/Foundation/Http/Middleware/ConvertEmptyStringsToNull->handle(Object(Illuminate/Http/Request), Object(Closure))
#36 C:/Users/USER/Desktop/SMASA/vendor/laravel/framework/src/Illuminate/Foundation/Http/Middleware/TransformsRequest.php(21): Illuminate/Pipeline/Pipeline->Illuminate/Pipeline/{closure}(Object(Illuminate/Http/Request))
#37 C:/Users/USER/Desktop/SMASA/vendor/laravel/framework/src/Illuminate/Foundation/Http/Middleware/TrimStrings.php(51): Illuminate/Foundation/Http/Middleware/TransformsRequest->handle(Object(Illuminate/Http/Request), Object(Closure))
#38 C:/Users/USER/Desktop/SMASA/vendor/laravel/framework/src/Illuminate/Pipeline/Pipeline.php(209): Illuminate/Foundation/Http/Middleware/TrimStrings->handle(Object(Illuminate/Http/Request), Object(Closure))
#39 C:/Users/USER/Desktop/SMASA/vendor/laravel/framework/src/Illuminate/Http/Middleware/ValidatePostSize.php(27): Illuminate/Pipeline/Pipeline->Illuminate/Pipeline/{closure}(Object(Illuminate/Http/Request))
#40 C:/Users/USER/Desktop/SMASA/vendor/laravel/framework/src/Illuminate/Pipeline/Pipeline.php(209): Illuminate/Http/Middleware/ValidatePostSize->handle(Object(Illuminate/Http/Request), Object(Closure))
#41 C:/Users/USER/Desktop/SMASA/vendor/laravel/framework/src/Illuminate/Foundation/Http/Middleware/PreventRequestsDuringMaintenance.php(110): Illuminate/Pipeline/Pipeline->Illuminate/Pipeline/{closure}(Object(Illuminate/Http/Request))
#42 C:/Users/USER/Desktop/SMASA/vendor/laravel/framework/src/Illuminate/Pipeline/Pipeline.php(209): Illuminate/Foundation/Http/Middleware/PreventRequestsDuringMaintenance->handle(Object(Illuminate/Http/Request), Object(Closure))
#43 C:/Users/USER/Desktop/SMASA/vendor/laravel/framework/src/Illuminate/Http/Middleware/HandleCors.php(49): Illuminate/Pipeline/Pipeline->Illuminate/Pipeline/{closure}(Object(Illuminate/Http/Request))
#44 C:/Users/USER/Desktop/SMASA/vendor/laravel/framework/src/Illuminate/Pipeline/Pipeline.php(209): Illuminate/Http/Middleware/HandleCors->handle(Object(Illuminate/Http/Request), Object(Closure))
#45 C:/Users/USER/Desktop/SMASA/vendor/laravel/framework/src/Illuminate/Http/Middleware/TrustProxies.php(58): Illuminate/Pipeline/Pipeline->Illuminate/Pipeline/{closure}(Object(Illuminate/Http/Request))
#46 C:/Users/USER/Desktop/SMASA/vendor/laravel/framework/src/Illuminate/Pipeline/Pipeline.php(209): Illuminate/Http/Middleware/TrustProxies->handle(Object(Illuminate/Http/Request), Object(Closure))
#47 C:/Users/USER/Desktop/SMASA/vendor/laravel/framework/src/Illuminate/Pipeline/Pipeline.php(127): Illuminate/Pipeline/Pipeline->Illuminate/Pipeline/{closure}(Object(Illuminate/Http/Request))
#48 C:/Users/USER/Desktop/SMASA/vendor/laravel/framework/src/Illuminate/Foundation/Http/Kernel.php(176): Illuminate/Pipeline/Pipeline->then(Object(Closure))
#49 C:/Users/USER/Desktop/SMASA/vendor/laravel/framework/src/Illuminate/Foundation/Http/Kernel.php(145): Illuminate/Foundation/Http/Kernel->sendRequestThroughRouter(Object(Illuminate/Http/Request))
#50 C:/Users/USER/Desktop/SMASA/public/index.php(58): Illuminate/Foundation/Http/Kernel->handle(Object(Illuminate/Http/Request))
#51 C:/Users/USER/Desktop/SMASA/server.php(25): require_once('C://Users//USER//D...')
#52 {main}
"} 
[2026-08-02 17:40:57] local.ERROR: Class "App\Http\Controllers\Session" not found {"exception":"[object] (Error(code: 0): Class \"App\\Http\\Controllers\\Session\" not found at C:/Users/USER/Desktop/SMASA/app/Http/Controllers/ExaminationController.php:91)
[stacktrace]
#0 C:/Users/USER/Desktop/SMASA/vendor/laravel/framework/src/Illuminate/Routing/Controller.php(54): App/Http/Controllers/ExaminationController->create()
#1 C:/Users/USER/Desktop/SMASA/vendor/laravel/framework/src/Illuminate/Routing/ControllerDispatcher.php(44): Illuminate/Routing/Controller->callAction('create', Array)
#2 C:/Users/USER/Desktop/SMASA/vendor/laravel/framework/src/Illuminate/Routing/Route.php(266): Illuminate/Routing/ControllerDispatcher->dispatch(Object(Illuminate/Routing/Route), Object(App/Http/Controllers/ExaminationController), 'create')
#3 C:/Users/USER/Desktop/SMASA/vendor/laravel/framework/src/Illuminate/Routing/Route.php(212): Illuminate/Routing/Route->runController()
#4 C:/Users/USER/Desktop/SMASA/vendor/laravel/framework/src/Illuminate/Routing/Router.php(808): Illuminate/Routing/Route->run()
#5 C:/Users/USER/Desktop/SMASA/vendor/laravel/framework/src/Illuminate/Pipeline/Pipeline.php(170): Illuminate/Routing/Router->Illuminate/Routing/{closure}(Object(Illuminate/Http/Request))
#6 C:/Users/USER/Desktop/SMASA/app/Http/Middleware/SchoolAuth.php(31): Illuminate/Pipeline/Pipeline->Illuminate/Pipeline/{closure}(Object(Illuminate/Http/Request))
#7 C:/Users/USER/Desktop/SMASA/vendor/laravel/framework/src/Illuminate/Pipeline/Pipeline.php(209): App/Http/Middleware/SchoolAuth->handle(Object(Illuminate/Http/Request), Object(Closure))
#8 C:/Users/USER/Desktop/SMASA/vendor/mcamara/laravel-localization/src/Mcamara/LaravelLocalization/Middleware/LaravelLocalizationRedirectFilter.php(45): Illuminate/Pipeline/Pipeline->Illuminate/Pipeline/{closure}(Object(Illuminate/Http/Request))
#9 C:/Users/USER/Desktop/SMASA/vendor/laravel/framework/src/Illuminate/Pipeline/Pipeline.php(209): Mcamara/LaravelLocalization/Middleware/LaravelLocalizationRedirectFilter->handle(Object(Illuminate/Http/Request), Object(Closure))
#10 C:/Users/USER/Desktop/SMASA/vendor/mcamara/laravel-localization/src/Mcamara/LaravelLocalization/Middleware/LaravelLocalizationRoutes.php(30): Illuminate/Pipeline/Pipeline->Illuminate/Pipeline/{closure}(Object(Illuminate/Http/Request))
#11 C:/Users/USER/Desktop/SMASA/vendor/laravel/framework/src/Illuminate/Pipeline/Pipeline.php(209): Mcamara/LaravelLocalization/Middleware/LaravelLocalizationRoutes->handle(Object(Illuminate/Http/Request), Object(Closure))
#12 C:/Users/USER/Desktop/SMASA/vendor/laravel/framework/src/Illuminate/Routing/Middleware/SubstituteBindings.php(51): Illuminate/Pipeline/Pipeline->Illuminate/Pipeline/{closure}(Object(Illuminate/Http/Request))
#13 C:/Users/USER/Desktop/SMASA/vendor/laravel/framework/src/Illuminate/Pipeline/Pipeline.php(209): Illuminate/Routing/Middleware/SubstituteBindings->handle(Object(Illuminate/Http/Request), Object(Closure))
#14 C:/Users/USER/Desktop/SMASA/vendor/laravel/framework/src/Illuminate/Foundation/Http/Middleware/VerifyCsrfToken.php(88): Illuminate/Pipeline/Pipeline->Illuminate/Pipeline/{closure}(Object(Illuminate/Http/Request))
#15 C:/Users/USER/Desktop/SMASA/vendor/laravel/framework/src/Illuminate/Pipeline/Pipeline.php(209): Illuminate/Foundation/Http/Middleware/VerifyCsrfToken->handle(Object(Illuminate/Http/Request), Object(Closure))
#16 C:/Users/USER/Desktop/SMASA/vendor/laravel/framework/src/Illuminate/View/Middleware/ShareErrorsFromSession.php(49): Illuminate/Pipeline/Pipeline->Illuminate/Pipeline/{closure}(Object(Illuminate/Http/Request))
#17 C:/Users/USER/Desktop/SMASA/vendor/laravel/framework/src/Illuminate/Pipeline/Pipeline.php(209): Illuminate/View/Middleware/ShareErrorsFromSession->handle(Object(Illuminate/Http/Request), Object(Closure))
#18 C:/Users/USER/Desktop/SMASA/vendor/laravel/framework/src/Illuminate/Session/Middleware/StartSession.php(121): Illuminate/Pipeline/Pipeline->Illuminate/Pipeline/{closure}(Object(Illuminate/Http/Request))
#19 C:/Users/USER/Desktop/SMASA/vendor/laravel/framework/src/Illuminate/Session/Middleware/StartSession.php(64): Illuminate/Session/Middleware/StartSession->handleStatefulRequest(Object(Illuminate/Http/Request), Object(Illuminate/Session/Store), Object(Closure))
#20 C:/Users/USER/Desktop/SMASA/vendor/laravel/framework/src/Illuminate/Pipeline/Pipeline.php(209): Illuminate/Session/Middleware/StartSession->handle(Object(Illuminate/Http/Request), Object(Closure))
#21 C:/Users/USER/Desktop/SMASA/vendor/laravel/framework/src/Illuminate/Cookie/Middleware/AddQueuedCookiesToResponse.php(37): Illuminate/Pipeline/Pipeline->Illuminate/Pipeline/{closure}(Object(Illuminate/Http/Request))
#22 C:/Users/USER/Desktop/SMASA/vendor/laravel/framework/src/Illuminate/Pipeline/Pipeline.php(209): Illuminate/Cookie/Middleware/AddQueuedCookiesToResponse->handle(Object(Illuminate/Http/Request), Object(Closure))
#23 C:/Users/USER/Desktop/SMASA/vendor/laravel/framework/src/Illuminate/Cookie/Middleware/EncryptCookies.php(75): Illuminate/Pipeline/Pipeline->Illuminate/Pipeline/{closure}(Object(Illuminate/Http/Request))
#24 C:/Users/USER/Desktop/SMASA/vendor/laravel/framework/src/Illuminate/Pipeline/Pipeline.php(209): Illuminate/Cookie/Middleware/EncryptCookies->handle(Object(Illuminate/Http/Request), Object(Closure))
#25 C:/Users/USER/Desktop/SMASA/vendor/laravel/framework/src/Illuminate/Pipeline/Pipeline.php(127): Illuminate/Pipeline/Pipeline->Illuminate/Pipeline/{closure}(Object(Illuminate/Http/Request))
#26 C:/Users/USER/Desktop/SMASA/vendor/laravel/framework/src/Illuminate/Routing/Router.php(807): Illuminate/Pipeline/Pipeline->then(Object(Closure))
#27 C:/Users/USER/Desktop/SMASA/vendor/laravel/framework/src/Illuminate/Routing/Router.php(786): Illuminate/Routing/Router->runRouteWithinStack(Object(Illuminate/Routing/Route), Object(Illuminate/Http/Request))
#28 C:/Users/USER/Desktop/SMASA/vendor/laravel/framework/src/Illuminate/Routing/Router.php(750): Illuminate/Routing/Router->runRoute(Object(Illuminate/Http/Request), Object(Illuminate/Routing/Route))
#29 C:/Users/USER/Desktop/SMASA/vendor/laravel/framework/src/Illuminate/Routing/Router.php(739): Illuminate/Routing/Router->dispatchToRoute(Object(Illuminate/Http/Request))
#30 C:/Users/USER/Desktop/SMASA/vendor/laravel/framework/src/Illuminate/Foundation/Http/Kernel.php(201): Illuminate/Routing/Router->dispatch(Object(Illuminate/Http/Request))
#31 C:/Users/USER/Desktop/SMASA/vendor/laravel/framework/src/Illuminate/Pipeline/Pipeline.php(170): Illuminate/Foundation/Http/Kernel->Illuminate/Foundation/Http/{closure}(Object(Illuminate/Http/Request))
#32 C:/Users/USER/Desktop/SMASA/vendor/laravel/framework/src/Illuminate/Foundation/Http/Middleware/TransformsRequest.php(21): Illuminate/Pipeline/Pipeline->Illuminate/Pipeline/{closure}(Object(Illuminate/Http/Request))
#33 C:/Users/USER/Desktop/SMASA/vendor/laravel/framework/src/Illuminate/Foundation/Http/Middleware/ConvertEmptyStringsToNull.php(31): Illuminate/Foundation/Http/Middleware/TransformsRequest->handle(Object(Illuminate/Http/Request), Object(Closure))
#34 C:/Users/USER/Desktop/SMASA/vendor/laravel/framework/src/Illuminate/Pipeline/Pipeline.php(209): Illuminate/Foundation/Http/Middleware/ConvertEmptyStringsToNull->handle(Object(Illuminate/Http/Request), Object(Closure))
#35 C:/Users/USER/Desktop/SMASA/vendor/laravel/framework/src/Illuminate/Foundation/Http/Middleware/TransformsRequest.php(21): Illuminate/Pipeline/Pipeline->Illuminate/Pipeline/{closure}(Object(Illuminate/Http/Request))
#36 C:/Users/USER/Desktop/SMASA/vendor/laravel/framework/src/Illuminate/Foundation/Http/Middleware/TrimStrings.php(51): Illuminate/Foundation/Http/Middleware/TransformsRequest->handle(Object(Illuminate/Http/Request), Object(Closure))
#37 C:/Users/USER/Desktop/SMASA/vendor/laravel/framework/src/Illuminate/Pipeline/Pipeline.php(209): Illuminate/Foundation/Http/Middleware/TrimStrings->handle(Object(Illuminate/Http/Request), Object(Closure))
#38 C:/Users/USER/Desktop/SMASA/vendor/laravel/framework/src/Illuminate/Http/Middleware/ValidatePostSize.php(27): Illuminate/Pipeline/Pipeline->Illuminate/Pipeline/{closure}(Object(Illuminate/Http/Request))
#39 C:/Users/USER/Desktop/SMASA/vendor/laravel/framework/src/Illuminate/Pipeline/Pipeline.php(209): Illuminate/Http/Middleware/ValidatePostSize->handle(Object(Illuminate/Http/Request), Object(Closure))
#40 C:/Users/USER/Desktop/SMASA/vendor/laravel/framework/src/Illuminate/Foundation/Http/Middleware/PreventRequestsDuringMaintenance.php(110): Illuminate/Pipeline/Pipeline->Illuminate/Pipeline/{closure}(Object(Illuminate/Http/Request))
#41 C:/Users/USER/Desktop/SMASA/vendor/laravel/framework/src/Illuminate/Pipeline/Pipeline.php(209): Illuminate/Foundation/Http/Middleware/PreventRequestsDuringMaintenance->handle(Object(Illuminate/Http/Request), Object(Closure))
#42 C:/Users/USER/Desktop/SMASA/vendor/laravel/framework/src/Illuminate/Http/Middleware/HandleCors.php(49): Illuminate/Pipeline/Pipeline->Illuminate/Pipeline/{closure}(Object(Illuminate/Http/Request))
#43 C:/Users/USER/Desktop/SMASA/vendor/laravel/framework/src/Illuminate/Pipeline/Pipeline.php(209): Illuminate/Http/Middleware/HandleCors->handle(Object(Illuminate/Http/Request), Object(Closure))
#44 C:/Users/USER/Desktop/SMASA/vendor/laravel/framework/src/Illuminate/Http/Middleware/TrustProxies.php(58): Illuminate/Pipeline/Pipeline->Illuminate/Pipeline/{closure}(Object(Illuminate/Http/Request))
#45 C:/Users/USER/Desktop/SMASA/vendor/laravel/framework/src/Illuminate/Pipeline/Pipeline.php(209): Illuminate/Http/Middleware/TrustProxies->handle(Object(Illuminate/Http/Request), Object(Closure))
#46 C:/Users/USER/Desktop/SMASA/vendor/laravel/framework/src/Illuminate/Pipeline/Pipeline.php(127): Illuminate/Pipeline/Pipeline->Illuminate/Pipeline/{closure}(Object(Illuminate/Http/Request))
#47 C:/Users/USER/Desktop/SMASA/vendor/laravel/framework/src/Illuminate/Foundation/Http/Kernel.php(176): Illuminate/Pipeline/Pipeline->then(Object(Closure))
#48 C:/Users/USER/Desktop/SMASA/vendor/laravel/framework/src/Illuminate/Foundation/Http/Kernel.php(145): Illuminate/Foundation/Http/Kernel->sendRequestThroughRouter(Object(Illuminate/Http/Request))
#49 C:/Users/USER/Desktop/SMASA/public/index.php(58): Illuminate/Foundation/Http/Kernel->handle(Object(Illuminate/Http/Request))
#50 C:/Users/USER/Desktop/SMASA/server.php(25): require_once('C://Users//USER//D...')
#51 {main}
"} 
[2026-08-02 17:42:30] local.INFO: Push subscription request received {"admin_session":false,"teacher_session":true,"endpoint":true,"public_key":true,"auth_token":true} 
[2026-08-02 17:42:30] local.INFO: Push subscription saved successfully {"model":"Teacher","id":47} 
[2026-08-02 17:43:19] local.INFO: Push subscription request received {"admin_session":false,"teacher_session":true,"endpoint":true,"public_key":true,"auth_token":true} 
[2026-08-02 17:43:19] local.INFO: Push subscription saved successfully {"model":"Teacher","id":47} 
[2026-08-02 17:44:03] local.INFO: Push subscription request received {"admin_session":false,"teacher_session":true,"endpoint":true,"public_key":true,"auth_token":true} 
[2026-08-02 17:44:03] local.INFO: Push subscription saved successfully {"model":"Teacher","id":47} 
[2026-08-02 17:44:20] local.INFO: Push subscription request received {"admin_session":false,"teacher_session":true,"endpoint":true,"public_key":true,"auth_token":true} 
[2026-08-02 17:44:20] local.INFO: Push subscription saved successfully {"model":"Teacher","id":47} 
[2026-08-02 17:44:39] local.INFO: Push subscription request received {"admin_session":false,"teacher_session":true,"endpoint":true,"public_key":true,"auth_token":true} 
[2026-08-02 17:44:39] local.INFO: Push subscription saved successfully {"model":"Teacher","id":47} 
[2026-08-02 17:45:05] local.INFO: Push subscription request received {"admin_session":false,"teacher_session":true,"endpoint":true,"public_key":true,"auth_token":true} 
[2026-08-02 17:45:05] local.INFO: Push subscription saved successfully {"model":"Teacher","id":47} 
[2026-08-02 17:45:07] local.INFO: Push subscription request received {"admin_session":false,"teacher_session":true,"endpoint":true,"public_key":true,"auth_token":true} 
[2026-08-02 17:45:07] local.INFO: Push subscription saved successfully {"model":"Teacher","id":47} 
[2026-08-02 17:45:21] local.INFO: Push subscription request received {"admin_session":false,"teacher_session":true,"endpoint":true,"public_key":true,"auth_token":true} 
[2026-08-02 17:45:21] local.INFO: Push subscription saved successfully {"model":"Teacher","id":47} 
[2026-08-02 17:45:34] local.INFO: Push subscription request received {"admin_session":false,"teacher_session":true,"endpoint":true,"public_key":true,"auth_token":true} 
[2026-08-02 17:45:34] local.INFO: Push subscription saved successfully {"model":"Teacher","id":47} 
[2026-08-02 17:45:39] local.INFO: Push subscription request received {"admin_session":false,"teacher_session":true,"endpoint":true,"public_key":true,"auth_token":true} 
[2026-08-02 17:45:39] local.INFO: Push subscription saved successfully {"model":"Teacher","id":47} 
[2026-08-02 17:45:42] local.INFO: Push subscription request received {"admin_session":false,"teacher_session":true,"endpoint":true,"public_key":true,"auth_token":true} 
[2026-08-02 17:45:42] local.INFO: Push subscription saved successfully {"model":"Teacher","id":47} 
[2026-08-02 17:45:47] local.INFO: Push subscription request received {"admin_session":false,"teacher_session":true,"endpoint":true,"public_key":true,"auth_token":true} 
[2026-08-02 17:45:47] local.INFO: Push subscription saved successfully {"model":"Teacher","id":47} 
[2026-08-02 17:45:53] local.INFO: Push subscription request received {"admin_session":false,"teacher_session":true,"endpoint":true,"public_key":true,"auth_token":true} 
[2026-08-02 17:45:53] local.INFO: Push subscription saved successfully {"model":"Teacher","id":47} 
[2026-08-02 17:48:26] local.INFO: Push subscription request received {"admin_session":false,"teacher_session":true,"endpoint":true,"public_key":true,"auth_token":true} 
[2026-08-02 17:48:26] local.INFO: Push subscription saved successfully {"model":"Teacher","id":47} 
[2026-08-02 17:49:29] local.INFO: Push subscription request received {"admin_session":false,"teacher_session":true,"endpoint":true,"public_key":true,"auth_token":true} 
[2026-08-02 17:49:29] local.INFO: Push subscription saved successfully {"model":"Teacher","id":47} 
[2026-08-02 17:49:50] local.INFO: Push subscription request received {"admin_session":false,"teacher_session":true,"endpoint":true,"public_key":true,"auth_token":true} 
[2026-08-02 17:49:50] local.INFO: Push subscription saved successfully {"model":"Teacher","id":47} 
[2026-08-02 17:50:15] local.INFO: Push subscription request received {"admin_session":false,"teacher_session":true,"endpoint":true,"public_key":true,"auth_token":true} 
[2026-08-02 17:50:15] local.INFO: Push subscription saved successfully {"model":"Teacher","id":47} 
[2026-08-02 17:50:41] local.INFO: Push subscription request received {"admin_session":false,"teacher_session":true,"endpoint":true,"public_key":true,"auth_token":true} 
[2026-08-02 17:50:41] local.INFO: Push subscription saved successfully {"model":"Teacher","id":47} 
[2026-08-02 17:50:52] local.INFO: Push subscription request received {"admin_session":false,"teacher_session":true,"endpoint":true,"public_key":true,"auth_token":true} 
[2026-08-02 17:50:52] local.INFO: Push subscription saved successfully {"model":"Teacher","id":47} 
[2026-08-02 17:51:54] local.INFO: Push subscription request received {"admin_session":false,"teacher_session":true,"endpoint":true,"public_key":true,"auth_token":true} 
[2026-08-02 17:51:54] local.INFO: Push subscription saved successfully {"model":"Teacher","id":47} 
[2026-08-02 17:53:02] local.INFO: Push subscription request received {"admin_session":false,"teacher_session":true,"endpoint":true,"public_key":true,"auth_token":true} 
[2026-08-02 17:53:02] local.INFO: Push subscription saved successfully {"model":"Teacher","id":47} 
[2026-08-02 17:53:05] local.INFO: Push subscription request received {"admin_session":false,"teacher_session":true,"endpoint":true,"public_key":true,"auth_token":true} 
[2026-08-02 17:53:05] local.INFO: Push subscription saved successfully {"model":"Teacher","id":47} 
[2026-08-02 17:53:32] local.INFO: Push subscription request received {"admin_session":false,"teacher_session":true,"endpoint":true,"public_key":true,"auth_token":true} 
[2026-08-02 17:53:32] local.INFO: Push subscription saved successfully {"model":"Teacher","id":47} 
[2026-08-02 17:54:58] local.INFO: Push subscription request received {"admin_session":false,"teacher_session":true,"endpoint":true,"public_key":true,"auth_token":true} 
[2026-08-02 17:54:58] local.INFO: Push subscription saved successfully {"model":"Teacher","id":47} 
[2026-08-02 17:57:57] local.INFO: Push subscription request received {"admin_session":false,"teacher_session":true,"endpoint":true,"public_key":true,"auth_token":true} 
[2026-08-02 17:57:57] local.INFO: Push subscription saved successfully {"model":"Teacher","id":47} 
[2026-08-02 17:57:58] local.INFO: Push subscription request received {"admin_session":false,"teacher_session":true,"endpoint":true,"public_key":true,"auth_token":true} 
[2026-08-02 17:57:58] local.INFO: Push subscription saved successfully {"model":"Teacher","id":47} 
[2026-08-02 17:58:45] local.INFO: Push subscription request received {"admin_session":false,"teacher_session":true,"endpoint":true,"public_key":true,"auth_token":true} 
[2026-08-02 17:58:45] local.INFO: Push subscription saved successfully {"model":"Teacher","id":47} 
[2026-08-02 17:58:56] local.INFO: Push subscription request received {"admin_session":false,"teacher_session":true,"endpoint":true,"public_key":true,"auth_token":true} 
[2026-08-02 17:58:56] local.INFO: Push subscription saved successfully {"model":"Teacher","id":47} 
[2026-08-02 17:59:15] local.INFO: Push subscription request received {"admin_session":false,"teacher_session":true,"endpoint":true,"public_key":true,"auth_token":true} 
[2026-08-02 17:59:15] local.INFO: Push subscription saved successfully {"model":"Teacher","id":47} 
[2026-08-02 18:00:50] local.INFO: Push subscription request received {"admin_session":false,"teacher_session":true,"endpoint":true,"public_key":true,"auth_token":true} 
[2026-08-02 18:00:50] local.INFO: Push subscription saved successfully {"model":"Teacher","id":47} 
[2026-08-02 18:02:35] local.INFO: Push subscription request received {"admin_session":false,"teacher_session":true,"endpoint":true,"public_key":true,"auth_token":true} 
[2026-08-02 18:02:35] local.INFO: Push subscription saved successfully {"model":"Teacher","id":47} 
[2026-08-02 18:02:55] local.INFO: Push subscription request received {"admin_session":false,"teacher_session":true,"endpoint":true,"public_key":true,"auth_token":true} 
[2026-08-02 18:02:55] local.INFO: Push subscription saved successfully {"model":"Teacher","id":47} 
[2026-08-02 18:03:37] local.INFO: Push subscription request received {"admin_session":false,"teacher_session":true,"endpoint":true,"public_key":true,"auth_token":true} 
[2026-08-02 18:03:37] local.INFO: Push subscription saved successfully {"model":"Teacher","id":47} 
[2026-08-02 18:04:27] local.INFO: Push subscription request received {"admin_session":false,"teacher_session":true,"endpoint":true,"public_key":true,"auth_token":true} 
[2026-08-02 18:04:27] local.INFO: Push subscription saved successfully {"model":"Teacher","id":47} 
[2026-08-02 18:04:55] local.INFO: Push subscription request received {"admin_session":false,"teacher_session":true,"endpoint":true,"public_key":true,"auth_token":true} 
[2026-08-02 18:04:55] local.INFO: Push subscription saved successfully {"model":"Teacher","id":47} 
[2026-08-02 18:05:11] local.INFO: Push subscription request received {"admin_session":false,"teacher_session":true,"endpoint":true,"public_key":true,"auth_token":true} 
[2026-08-02 18:05:11] local.INFO: Push subscription saved successfully {"model":"Teacher","id":47} 
[2026-08-02 18:06:14] local.INFO: Push subscription request received {"admin_session":false,"teacher_session":true,"endpoint":true,"public_key":true,"auth_token":true} 
[2026-08-02 18:06:14] local.INFO: Push subscription saved successfully {"model":"Teacher","id":47} 
[2026-08-02 18:06:52] local.INFO: Push subscription request received {"admin_session":false,"teacher_session":true,"endpoint":true,"public_key":true,"auth_token":true} 
[2026-08-02 18:06:52] local.INFO: Push subscription saved successfully {"model":"Teacher","id":47} 
[2026-08-02 18:07:09] local.INFO: Push subscription request received {"admin_session":false,"teacher_session":true,"endpoint":true,"public_key":true,"auth_token":true} 
[2026-08-02 18:07:09] local.INFO: Push subscription saved successfully {"model":"Teacher","id":47} 
[2026-08-02 18:07:31] local.INFO: Push subscription request received {"admin_session":false,"teacher_session":true,"endpoint":true,"public_key":true,"auth_token":true} 
[2026-08-02 18:07:31] local.INFO: Push subscription saved successfully {"model":"Teacher","id":47} 
[2026-08-02 18:07:46] local.INFO: Push subscription request received {"admin_session":false,"teacher_session":true,"endpoint":true,"public_key":true,"auth_token":true} 
[2026-08-02 18:07:46] local.INFO: Push subscription saved successfully {"model":"Teacher","id":47} 
[2026-08-02 18:07:59] local.INFO: Push subscription request received {"admin_session":false,"teacher_session":true,"endpoint":true,"public_key":true,"auth_token":true} 
[2026-08-02 18:07:59] local.INFO: Push subscription saved successfully {"model":"Teacher","id":47} 
[2026-08-02 18:08:09] local.INFO: Push subscription request received {"admin_session":false,"teacher_session":true,"endpoint":true,"public_key":true,"auth_token":true} 
[2026-08-02 18:08:10] local.INFO: Push subscription saved successfully {"model":"Teacher","id":47} 
[2026-08-02 18:08:27] local.INFO: Push subscription request received {"admin_session":false,"teacher_session":true,"endpoint":true,"public_key":true,"auth_token":true} 
[2026-08-02 18:08:27] local.INFO: Push subscription saved successfully {"model":"Teacher","id":47} 
[2026-08-02 18:08:36] local.INFO: Push subscription request received {"admin_session":false,"teacher_session":true,"endpoint":true,"public_key":true,"auth_token":true} 
[2026-08-02 18:08:36] local.INFO: Push subscription saved successfully {"model":"Teacher","id":47} 
[2026-08-02 18:08:44] local.INFO: Push subscription request received {"admin_session":false,"teacher_session":true,"endpoint":true,"public_key":true,"auth_token":true} 
[2026-08-02 18:08:44] local.INFO: Push subscription saved successfully {"model":"Teacher","id":47} 
[2026-08-02 18:09:41] local.INFO: Push subscription request received {"admin_session":false,"teacher_session":true,"endpoint":true,"public_key":true,"auth_token":true} 
[2026-08-02 18:09:41] local.INFO: Push subscription saved successfully {"model":"Teacher","id":47} 
[2026-08-02 18:12:02] local.INFO: Push subscription request received {"admin_session":false,"teacher_session":true,"endpoint":true,"public_key":true,"auth_token":true} 
[2026-08-02 18:12:02] local.INFO: Push subscription saved successfully {"model":"Teacher","id":47} 
[2026-08-02 18:12:39] local.INFO: Push subscription request received {"admin_session":false,"teacher_session":true,"endpoint":true,"public_key":true,"auth_token":true} 
[2026-08-02 18:12:39] local.INFO: Push subscription saved successfully {"model":"Teacher","id":47} 
[2026-08-02 18:12:47] local.INFO: Push subscription request received {"admin_session":false,"teacher_session":true,"endpoint":true,"public_key":true,"auth_token":true} 
[2026-08-02 18:12:47] local.INFO: Push subscription saved successfully {"model":"Teacher","id":47} 
[2026-08-02 18:12:58] local.INFO: Push subscription request received {"admin_session":false,"teacher_session":true,"endpoint":true,"public_key":true,"auth_token":true} 
[2026-08-02 18:12:58] local.INFO: Push subscription saved successfully {"model":"Teacher","id":47} 
[2026-08-02 18:13:08] local.INFO: Push subscription request received {"admin_session":false,"teacher_session":true,"endpoint":true,"public_key":true,"auth_token":true} 
[2026-08-02 18:13:08] local.INFO: Push subscription saved successfully {"model":"Teacher","id":47} 
[2026-08-02 18:13:14] local.INFO: Push subscription request received {"admin_session":false,"teacher_session":true,"endpoint":true,"public_key":true,"auth_token":true} 
[2026-08-02 18:13:15] local.INFO: Push subscription saved successfully {"model":"Teacher","id":47} 
[2026-08-02 18:13:18] local.INFO: Push subscription request received {"admin_session":false,"teacher_session":true,"endpoint":true,"public_key":true,"auth_token":true} 
[2026-08-02 18:13:18] local.INFO: Push subscription saved successfully {"model":"Teacher","id":47} 
[2026-08-02 18:15:03] local.INFO: Push subscription request received {"admin_session":false,"teacher_session":true,"endpoint":true,"public_key":true,"auth_token":true} 
[2026-08-02 18:15:03] local.INFO: Push subscription saved successfully {"model":"Teacher","id":47} 
[2026-08-02 18:15:18] local.INFO: Push subscription request received {"admin_session":false,"teacher_session":true,"endpoint":true,"public_key":true,"auth_token":true} 
[2026-08-02 18:15:18] local.INFO: Push subscription saved successfully {"model":"Teacher","id":47} 
[2026-08-02 18:15:34] local.INFO: Push subscription request received {"admin_session":false,"teacher_session":true,"endpoint":true,"public_key":true,"auth_token":true} 
[2026-08-02 18:15:34] local.INFO: Push subscription saved successfully {"model":"Teacher","id":47} 
[2026-08-02 18:15:40] local.INFO: Push subscription request received {"admin_session":false,"teacher_session":true,"endpoint":true,"public_key":true,"auth_token":true} 
[2026-08-02 18:15:40] local.INFO: Push subscription saved successfully {"model":"Teacher","id":47} 
[2026-08-02 18:16:29] local.INFO: Push subscription request received {"admin_session":false,"teacher_session":true,"endpoint":true,"public_key":true,"auth_token":true} 
[2026-08-02 18:16:29] local.INFO: Push subscription saved successfully {"model":"Teacher","id":47} 
[2026-08-02 18:16:30] local.INFO: Push subscription request received {"admin_session":false,"teacher_session":true,"endpoint":true,"public_key":true,"auth_token":true} 
[2026-08-02 18:16:30] local.INFO: Push subscription saved successfully {"model":"Teacher","id":47} 
[2026-08-02 18:16:39] local.INFO: Push subscription request received {"admin_session":false,"teacher_session":true,"endpoint":true,"public_key":true,"auth_token":true} 
[2026-08-02 18:16:39] local.INFO: Push subscription saved successfully {"model":"Teacher","id":47} 
[2026-08-02 18:18:02] local.INFO: Push subscription request received {"admin_session":false,"teacher_session":true,"endpoint":true,"public_key":true,"auth_token":true} 
[2026-08-02 18:18:02] local.INFO: Push subscription saved successfully {"model":"Teacher","id":47} 
[2026-08-02 18:18:55] local.INFO: Push subscription request received {"admin_session":false,"teacher_session":true,"endpoint":true,"public_key":true,"auth_token":true} 
[2026-08-02 18:18:55] local.INFO: Push subscription saved successfully {"model":"Teacher","id":47} 
[2026-08-02 18:19:12] local.INFO: Push subscription request received {"admin_session":false,"teacher_session":true,"endpoint":true,"public_key":true,"auth_token":true} 
[2026-08-02 18:19:12] local.INFO: Push subscription saved successfully {"model":"Teacher","id":47} 
[2026-08-02 18:19:21] local.INFO: Push subscription request received {"admin_session":false,"teacher_session":true,"endpoint":true,"public_key":true,"auth_token":true} 
[2026-08-02 18:19:21] local.INFO: Push subscription saved successfully {"model":"Teacher","id":47} 
[2026-08-02 18:21:07] local.INFO: Push subscription request received {"admin_session":false,"teacher_session":true,"endpoint":true,"public_key":true,"auth_token":true} 
[2026-08-02 18:21:07] local.INFO: Push subscription saved successfully {"model":"Teacher","id":47} 
[2026-08-02 18:21:22] local.INFO: Push subscription request received {"admin_session":false,"teacher_session":true,"endpoint":true,"public_key":true,"auth_token":true} 
[2026-08-02 18:21:22] local.INFO: Push subscription saved successfully {"model":"Teacher","id":47} 
[2026-08-02 18:21:33] local.INFO: Push subscription request received {"admin_session":false,"teacher_session":true,"endpoint":true,"public_key":true,"auth_token":true} 
[2026-08-02 18:21:33] local.INFO: Push subscription saved successfully {"model":"Teacher","id":47} 
[2026-08-02 18:22:26] local.INFO: Push subscription request received {"admin_session":false,"teacher_session":true,"endpoint":true,"public_key":true,"auth_token":true} 
[2026-08-02 18:22:26] local.INFO: Push subscription saved successfully {"model":"Teacher","id":47} 
[2026-08-02 18:24:57] local.INFO: Push subscription request received {"admin_session":false,"teacher_session":true,"endpoint":true,"public_key":true,"auth_token":true} 
[2026-08-02 18:24:57] local.INFO: Push subscription saved successfully {"model":"Teacher","id":47} 
[2026-08-02 18:25:41] local.INFO: Push subscription request received {"admin_session":false,"teacher_session":true,"endpoint":true,"public_key":true,"auth_token":true} 
[2026-08-02 18:25:41] local.INFO: Push subscription saved successfully {"model":"Teacher","id":47} 
[2026-08-02 18:26:03] local.INFO: Push subscription request received {"admin_session":false,"teacher_session":true,"endpoint":true,"public_key":true,"auth_token":true} 
[2026-08-02 18:26:03] local.INFO: Push subscription saved successfully {"model":"Teacher","id":47} 
[2026-08-02 18:26:42] local.INFO: Push subscription request received {"admin_session":false,"teacher_session":true,"endpoint":true,"public_key":true,"auth_token":true} 
[2026-08-02 18:26:42] local.INFO: Push subscription saved successfully {"model":"Teacher","id":47} 
[2026-08-02 18:28:47] local.INFO: Push subscription request received {"admin_session":false,"teacher_session":true,"endpoint":true,"public_key":true,"auth_token":true} 
[2026-08-02 18:28:47] local.INFO: Push subscription saved successfully {"model":"Teacher","id":47} 
[2026-08-02 18:28:52] local.INFO: Push subscription request received {"admin_session":false,"teacher_session":true,"endpoint":true,"public_key":true,"auth_token":true} 
[2026-08-02 18:28:52] local.INFO: Push subscription saved successfully {"model":"Teacher","id":47} 
[2026-08-02 18:29:14] local.INFO: Push subscription request received {"admin_session":false,"teacher_session":true,"endpoint":true,"public_key":true,"auth_token":true} 
[2026-08-02 18:29:14] local.INFO: Push subscription saved successfully {"model":"Teacher","id":47} 
[2026-08-02 18:29:19] local.INFO: Push subscription request received {"admin_session":false,"teacher_session":true,"endpoint":true,"public_key":true,"auth_token":true} 
[2026-08-02 18:29:19] local.INFO: Push subscription saved successfully {"model":"Teacher","id":47} 
[2026-08-02 18:30:37] local.INFO: Push subscription request received {"admin_session":false,"teacher_session":true,"endpoint":true,"public_key":true,"auth_token":true} 
[2026-08-02 18:30:37] local.INFO: Push subscription saved successfully {"model":"Teacher","id":47} 
[2026-08-02 18:30:59] local.INFO: Push subscription request received {"admin_session":false,"teacher_session":true,"endpoint":true,"public_key":true,"auth_token":true} 
[2026-08-02 18:30:59] local.INFO: Push subscription saved successfully {"model":"Teacher","id":47} 
[2026-08-02 18:31:20] local.INFO: Push subscription request received {"admin_session":false,"teacher_session":true,"endpoint":true,"public_key":true,"auth_token":true} 
[2026-08-02 18:31:20] local.INFO: Push subscription saved successfully {"model":"Teacher","id":47} 
[2026-08-02 18:31:35] local.INFO: Push subscription request received {"admin_session":false,"teacher_session":true,"endpoint":true,"public_key":true,"auth_token":true} 
[2026-08-02 18:31:35] local.INFO: Push subscription saved successfully {"model":"Teacher","id":47} 
[2026-08-02 18:31:49] local.INFO: Push subscription request received {"admin_session":false,"teacher_session":true,"endpoint":true,"public_key":true,"auth_token":true} 
[2026-08-02 18:31:49] local.INFO: Push subscription saved successfully {"model":"Teacher","id":47} 
[2026-08-02 18:32:11] local.INFO: Push subscription request received {"admin_session":false,"teacher_session":true,"endpoint":true,"public_key":true,"auth_token":true} 
[2026-08-02 18:32:11] local.INFO: Push subscription saved successfully {"model":"Teacher","id":47} 
[2026-08-02 18:32:21] local.INFO: Push subscription request received {"admin_session":false,"teacher_session":true,"endpoint":true,"public_key":true,"auth_token":true} 
[2026-08-02 18:32:21] local.INFO: Push subscription saved successfully {"model":"Teacher","id":47} 
[2026-08-02 18:32:47] local.INFO: Push subscription request received {"admin_session":false,"teacher_session":true,"endpoint":true,"public_key":true,"auth_token":true} 
[2026-08-02 18:32:47] local.INFO: Push subscription saved successfully {"model":"Teacher","id":47} 
[2026-08-02 18:33:11] local.INFO: Push subscription request received {"admin_session":false,"teacher_session":true,"endpoint":true,"public_key":true,"auth_token":true} 
[2026-08-02 18:33:11] local.INFO: Push subscription saved successfully {"model":"Teacher","id":47} 
[2026-08-02 18:33:18] local.INFO: Push subscription request received {"admin_session":false,"teacher_session":true,"endpoint":true,"public_key":true,"auth_token":true} 
[2026-08-02 18:33:18] local.INFO: Push subscription saved successfully {"model":"Teacher","id":47} 
